1,n,0,1,610.98
1,H,1,0,infinity
2,H,1,1,infinity
3,H,1,2,3.888E8
5,H,1,4,7.995E-23
6,H,1,5,2.848E-22
7,H,1,6,9.152E-15
3,He,2,1,infinity
4,He,2,2,infinity
5,He,2,3,7.595E-22
6,He,2,4,0.801
7,He,2,5,3.038E-21
8,He,2,6,0.119
10,He,2,8,1.519E-21
4,Li,3,1,7.557E-23
5,Li,3,2,3.038E-22
6,Li,3,3,infinity
7,Li,3,4,infinity
8,Li,3,5,0.84
9,Li,3,6,0.178
11,Li,3,8,0.00875
12,Li,3,9,1E-8
6,Be,4,2,4.953E-21
7,Be,4,3,4599936
8,Be,4,4,8.181E-17
9,Be,4,5,infinity
10,Be,4,6,4.377E13
11,Be,4,7,13.81
12,Be,4,8,0.0215
13,Be,4,9,2.7E-21
14,Be,4,10,0.00435
15,Be,4,11,2E-7
16,Be,4,12,2E-7
7,B,5,2,3.255E-22
8,B,5,3,0.77
9,B,5,4,8.439E-19
10,B,5,5,infinity
11,B,5,6,infinity
12,B,5,7,0.0202
13,B,5,8,0.0173
14,B,5,9,0.0125
15,B,5,10,0.00993
16,B,5,11,1.9E-10
17,B,5,12,0.00508
18,B,5,13,2.6E-8
19,B,5,14,0.00292
8,C,6,2,1.981E-21
9,C,6,3,0.127
10,C,6,4,19.308
11,C,6,5,1220.04
12,C,6,6,infinity
13,C,6,7,infinity
14,C,6,8,1.799E11
15,C,6,9,2.449
16,C,6,10,0.747
17,C,6,11,0.193
18,C,6,12,0.092
19,C,6,13,0.049
20,C,6,14,0.014
21,C,6,15,3E-8
22,C,6,16,0.0061
11,N,7,4,5.49E-22
12,N,7,5,0.011
13,N,7,6,597.9
14,N,7,7,infinity
15,N,7,8,infinity
16,N,7,9,7.13
17,N,7,10,4.173
18,N,7,11,0.62
19,N,7,12,0.336
20,N,7,13,0.136
21,N,7,14,0.083
22,N,7,15,2E-2
23,N,7,16,0.0145
24,N,7,17,5.2E-8
12,O,8,4,1.139E-21
13,O,8,5,0.00858
14,O,8,6,70.62
15,O,8,7,122.24
16,O,8,8,infinity
17,O,8,9,infinity
18,O,8,10,infinity
19,O,8,11,26.88
20,O,8,12,13.51
21,O,8,13,3.42
22,O,8,14,2.25
23,O,8,15,0.097
24,O,8,16,0.065
26,O,8,18,4E-8
27,O,8,19,2.6E-7
28,O,8,20,1E-7
15,F,9,6,4.557E-22
16,F,9,7,1.139E-20
17,F,9,8,64.49
18,F,9,9,6586.2
19,F,9,10,infinity
20,F,9,11,11.07
21,F,9,12,4.158
22,F,9,13,4.23
23,F,9,14,2.23
24,F,9,15,7
25,F,9,16,0.08
26,F,9,17,0.0097
27,F,9,18,0.005
28,F,9,19,4E-8
29,F,9,20,0.0025
31,F,9,22,2.5E-7
16,Ne,10,6,9E-21
17,Ne,10,7,0.109
18,Ne,10,8,1.667
19,Ne,10,9,17.22
20,Ne,10,10,infinity
21,Ne,10,11,infinity
22,Ne,10,12,infinity
23,Ne,10,13,37.24
24,Ne,10,14,202.8
25,Ne,10,15,0.602
26,Ne,10,16,0.197
27,Ne,10,17,0.0315
28,Ne,10,18,0.0189
29,Ne,10,19,0.0148
30,Ne,10,20,0.0073
31,Ne,10,21,0.0034
32,Ne,10,22,0.0035
33,Ne,10,23,1.8E-7
34,Ne,10,24,6E-8
18,Na,11,7,1.3E-21
19,Na,11,8,4E-8
20,Na,11,9,0.448
21,Na,11,10,22.49
22,Na,11,11,8.213E7
23,Na,11,12,infinity
24,Na,11,13,53989.2
25,Na,11,14,59.1
26,Na,11,15,1.0713
27,Na,11,16,0.301
28,Na,11,17,0.0305
29,Na,11,18,0.0449
30,Na,11,19,0.048
31,Na,11,20,0.017
32,Na,11,21,1.32E-2
33,Na,11,22,0.008
34,Na,11,23,0.0055
35,Na,11,24,0.0015
36,Na,11,25,1.8E-7
37,Na,11,26,6E-8
19,Mg,12,7,4E-12
20,Mg,12,8,0.0908
21,Mg,12,9,0.122
22,Mg,12,10,3.876
23,Mg,12,11,11.317
24,Mg,12,12,infinity
25,Mg,12,13,infinity
26,Mg,12,14,infinity
27,Mg,12,15,567.48
28,Mg,12,16,75294
29,Mg,12,17,1.3
30,Mg,12,18,0.335
31,Mg,12,19,0.232
32,Mg,12,20,0.086
33,Mg,12,21,0.0905
34,Mg,12,22,0.02
35,Mg,12,23,0.07
36,Mg,12,24,0.0039
37,Mg,12,25,2.6E-7
38,Mg,12,26,2.6E-7
39,Mg,12,27,1.8E-7
40,Mg,12,28,1.7E-7
21,Al,13,8,3.5E-8
22,Al,13,9,0.0911
23,Al,13,10,0.446
24,Al,13,11,2.053
25,Al,13,12,7.183
26,Al,13,13,2.263E13
27,Al,13,14,infinity
28,Al,13,15,134.484
29,Al,13,16,393.6
30,Al,13,17,3.62
31,Al,13,18,6.44E-1
32,Al,13,19,0.033
33,Al,13,20,0.0417
34,Al,13,21,0.042
35,Al,13,22,0.0372
36,Al,13,23,0.09
37,Al,13,24,0.0107
38,Al,13,25,0.0076
39,Al,13,26,0.0076
40,Al,13,27,2.6E-7
41,Al,13,28,2.6E-7
42,Al,13,29,1.7E-7
43,Al,13,30,1.7E-7
22,Si,14,8,0.029
23,Si,14,9,0.0423
24,Si,14,10,0.141
25,Si,14,11,0.22
26,Si,14,12,2.229
27,Si,14,13,4.15
28,Si,14,14,infinity
29,Si,14,15,infinity
30,Si,14,16,infinity
31,Si,14,17,9438
32,Si,14,18,4.828E9
33,Si,14,19,6.11
34,Si,14,20,2.77
35,Si,14,21,0.78
36,Si,14,22,0.45
37,Si,14,23,0.09
38,Si,14,24,1E-6
39,Si,14,25,0.0475
40,Si,14,26,0.033
41,Si,14,27,0.02
42,Si,14,28,0.0125
43,Si,14,29,6E-8
44,Si,14,30,3.6E-7
25,P,15,10,3E-8
26,P,15,11,0.0437
27,P,15,12,0.26
28,P,15,13,0.27
29,P,15,14,4.142
30,P,15,15,149.88
31,P,15,16,infinity
32,P,15,17,1232236.8
33,P,15,18,2190240
34,P,15,19,12.43
35,P,15,20,47.3
36,P,15,21,5.6
37,P,15,22,2.31
38,P,15,23,0.64
39,P,15,24,0.28
40,P,15,25,1.25E-1
41,P,15,26,0.1
42,P,15,27,0.0485
43,P,15,28,0.0365
44,P,15,29,0.0185
45,P,15,30,2E-7
46,P,15,31,2E-7
26,S,16,10,7.9E-8
27,S,16,11,0.0155
28,S,16,12,0.125
29,S,16,13,0.187
30,S,16,14,1.178
31,S,16,15,2.572
32,S,16,16,infinity
33,S,16,17,infinity
34,S,16,18,infinity
35,S,16,19,7548768
36,S,16,20,infinity
37,S,16,21,303
38,S,16,22,10218
39,S,16,23,11.5
40,S,16,24,8.8
41,S,16,25,1.99
42,S,16,26,1.03
43,S,16,27,0.28
44,S,16,28,0.1
45,S,16,29,0.068
46,S,16,30,0.05
48,S,16,32,2E-7
49,S,16,33,2E-7
29,Cl,17,12,2E-8
30,Cl,17,13,3E-8
31,Cl,17,14,0.15
32,Cl,17,15,0.298
33,Cl,17,16,2.511
34,Cl,17,17,1.526
34,Cl,17,17,1920
35,Cl,17,18,infinity
36,Cl,17,19,9.499E12
37,Cl,17,20,infinity
38,Cl,17,21,2234.4
39,Cl,17,22,3372
40,Cl,17,23,81
41,Cl,17,24,38.4
42,Cl,17,25,6.8
43,Cl,17,26,3.13
44,Cl,17,27,0.56
45,Cl,17,28,0.413
46,Cl,17,29,0.232
47,Cl,17,30,0.101
48,Cl,17,31,2E-7
49,Cl,17,32,1.7E-7
50,Cl,17,33,6.2E-7
51,Cl,17,34,2E-7
30,Ar,18,12,2E-8
31,Ar,18,13,0.0144
32,Ar,18,14,0.101
33,Ar,18,15,0.173
34,Ar,18,16,0.845
35,Ar,18,17,1.776
36,Ar,18,18,infinity
37,Ar,18,19,3027456
38,Ar,18,20,infinity
39,Ar,18,21,8.489E9
40,Ar,18,22,infinity
41,Ar,18,23,6576.6
42,Ar,18,24,1.0382E9
43,Ar,18,25,322.2
44,Ar,18,26,712.2
45,Ar,18,27,21.48
46,Ar,18,28,8.4
47,Ar,18,29,1.23
48,Ar,18,30,0.475
49,Ar,18,31,0.17
50,Ar,18,32,0.085
51,Ar,18,33,2E-7
52,Ar,18,34,6.2E-7
53,Ar,18,35,6.2E-7
33,K,19,14,2.5E-8
34,K,19,15,2.5E-8
35,K,19,16,0.178
36,K,19,17,0.342
37,K,19,18,1.226
38,K,19,19,458.16
39,K,19,20,infinity
40,K,19,21,3.938E16
41,K,19,22,infinity
42,K,19,23,44355.6
43,K,19,24,80280
44,K,19,25,1327.8
45,K,19,26,1068.6
46,K,19,27,105
47,K,19,28,17.5
48,K,19,29,6.8
49,K,19,30,1.26
50,K,19,31,10
51,K,19,32,3.65E-1
52,K,19,33,0.118
53,K,19,34,0.03
54,K,19,35,0.01
55,K,19,36,3.6E-7
56,K,19,37,6.2E-7
34,Ca,20,14,3.5E-8
35,Ca,20,15,0.0257
36,Ca,20,16,0.102
37,Ca,20,17,0.181
38,Ca,20,18,0.44
39,Ca,20,19,0.86
41,Ca,20,21,3.219E12
42,Ca,20,22,infinity
43,Ca,20,23,infinity
44,Ca,20,24,infinity
45,Ca,20,25,1.405E7
46,Ca,20,26,8.836E22
47,Ca,20,27,391910.4
48,Ca,20,28,1.333E27
49,Ca,20,29,523.08
50,Ca,20,30,13.9
51,Ca,20,31,10
52,Ca,20,32,4.6
53,Ca,20,33,9E-2
54,Ca,20,34,0.086
55,Ca,20,35,0.022
56,Ca,20,36,0.011
57,Ca,20,37,6.2E-7
58,Ca,20,38,6.2E-7
39,Sc,21,18,3E-7
40,Sc,21,19,0.182
41,Sc,21,20,0.596
42,Sc,21,21,61.7
43,Sc,21,22,14007.6
44,Sc,21,23,210996
45,Sc,21,24,infinity
46,Sc,21,25,7239456
47,Sc,21,26,289370.88
48,Sc,21,27,157212
49,Sc,21,28,3430.8
50,Sc,21,29,102.5
51,Sc,21,30,12.4
52,Sc,21,31,8.2
53,Sc,21,32,2.4
54,Sc,21,33,0.526
55,Sc,21,34,0.096
56,Sc,21,35,0.026
57,Sc,21,36,0.022
58,Sc,21,37,0.012
59,Sc,21,38,3.6E-7
60,Sc,21,39,3.6E-7
61,Sc,21,40,3.6E-7
39,Ti,22,17,0.031
40,Ti,22,18,0.0524
41,Ti,22,19,0.0804
42,Ti,22,20,0.199
43,Ti,22,21,0.509
44,Ti,22,22,1.893E9
45,Ti,22,23,11088
46,Ti,22,24,infinity
47,Ti,22,25,infinity
48,Ti,22,26,infinity
49,Ti,22,27,infinity
50,Ti,22,28,infinity
51,Ti,22,29,345.6
52,Ti,22,30,102
53,Ti,22,31,32.7
54,Ti,22,32,1.5
55,Ti,22,33,1.3
56,Ti,22,34,0.2
57,Ti,22,35,0.098
58,Ti,22,36,0.057
59,Ti,22,37,0.0275
60,Ti,22,38,0.0224
61,Ti,22,39,0.015
62,Ti,22,40,6.2E-7
63,Ti,22,41,3.6E-7
42,V,23,19,5.5E-8
43,V,23,20,0.0793
44,V,23,21,0.15
45,V,23,22,0.547
46,V,23,23,0.423
47,V,23,24,1956
48,V,23,25,1380110.4
49,V,23,26,2.851E7
50,V,23,27,6.627E24
51,V,23,28,infinity
52,V,23,29,224.58
53,V,23,30,92.58
54,V,23,31,49.8
55,V,23,32,6.54
56,V,23,33,0.216
57,V,23,34,0.32
58,V,23,35,0.191
59,V,23,36,0.097
60,V,23,37,0.068
61,V,23,38,0.0526
62,V,23,39,0.0335
63,V,23,40,0.0192
64,V,23,41,0.019
65,V,23,42,3.6E-7
66,V,23,43,3.6E-7
42,Cr,24,18,0.0133
43,Cr,24,19,0.0206
44,Cr,24,20,0.0428
45,Cr,24,21,0.0609
46,Cr,24,22,0.26
47,Cr,24,23,0.5
48,Cr,24,24,77616
49,Cr,24,25,2538
50,Cr,24,26,4.102E25
51,Cr,24,27,2393496
52,Cr,24,28,infinity
53,Cr,24,29,infinity
54,Cr,24,30,infinity
55,Cr,24,31,209.82
56,Cr,24,32,356.4
57,Cr,24,33,21.1
58,Cr,24,34,7
59,Cr,24,35,1.05
60,Cr,24,36,0.49
61,Cr,24,37,0.243
62,Cr,24,38,0.206
63,Cr,24,39,0.129
64,Cr,24,40,0.042
65,Cr,24,41,0.028
66,Cr,24,42,0.023
67,Cr,24,43,1E-3
68,Cr,24,44,3.6E-7
44,Mn,25,19,1.05E-7
46,Mn,25,21,0.0362
47,Mn,25,22,0.088
48,Mn,25,23,0.158
49,Mn,25,24,0.382
50,Mn,25,25,105
51,Mn,25,26,2772
52,Mn,25,27,483062.4
53,Mn,25,28,1.18E14
54,Mn,25,29,2.697E7
55,Mn,25,30,infinity
56,Mn,25,31,9284.04
57,Mn,25,32,85.4
58,Mn,25,33,65.4
59,Mn,25,34,4.59
60,Mn,25,35,1.77
61,Mn,25,36,0.67
62,Mn,25,37,0.671
63,Mn,25,38,0.275
64,Mn,25,39,0.09
65,Mn,25,40,0.084
66,Mn,25,41,0.065
67,Mn,25,42,0.051
68,Mn,25,43,2.8E-2
69,Mn,25,44,0.018
70,Mn,25,45,3.6E-7
71,Mn,25,46,6.37E-7
45,Fe,26,19,0.00189
46,Fe,26,20,0.013
47,Fe,26,21,0.0219
48,Fe,26,22,0.0453
49,Fe,26,23,0.0647
50,Fe,26,24,0.155
51,Fe,26,25,0.305
52,Fe,26,26,29790
53,Fe,26,27,510.6
54,Fe,26,28,infinity
55,Fe,26,29,8.659E7
56,Fe,26,30,infinity
57,Fe,26,31,infinity
58,Fe,26,32,infinity
59,Fe,26,33,3844368
60,Fe,26,34,8.268E13
61,Fe,26,35,5.98M0.06
62,Fe,26,36,68
63,Fe,26,37,6.1
64,Fe,26,38,2
65,Fe,26,39,1.12
66,Fe,26,40,0.44
67,Fe,26,41,0.4
68,Fe,26,42,0.18
69,Fe,26,43,0.11
70,Fe,26,44,0.071
71,Fe,26,45,0.028
72,Fe,26,46,1.5E-7
73,Fe,26,47,6.33E-7
74,Fe,26,48,6.38E-7
50,Co,27,23,0.0388
51,Co,27,24,2E-7
52,Co,27,25,0.115
53,Co,27,26,0.24
53,Co,27,26,0.247
54,Co,27,27,88.8
55,Co,27,28,63108
56,Co,27,29,6673190.4
57,Co,27,30,2.348E7
58,Co,27,31,6122304
59,Co,27,32,infinity
60,Co,27,33,1.663E8
61,Co,27,34,5940
62,Co,27,35,834.6
63,Co,27,36,27.4
64,Co,27,37,0.3
65,Co,27,38,1.16
66,Co,27,39,0.2
67,Co,27,40,0.425
68,Co,27,41,1.6
69,Co,27,42,0.229
70,Co,27,43,0.5
71,Co,27,44,0.08
72,Co,27,45,6E-2
73,Co,27,46,0.041
74,Co,27,47,0.025
75,Co,27,48,1.5E-7
76,Co,27,49,6.34E-7
48,Ni,28,20,0.0021
49,Ni,28,21,0.0075
50,Ni,28,22,0.0185
51,Ni,28,23,0.0238
52,Ni,28,24,0.0408
53,Ni,28,25,0.0552
54,Ni,28,26,0.104
55,Ni,28,27,0.205
56,Ni,28,28,524880
57,Ni,28,29,128160
58,Ni,28,30,infinity
59,Ni,28,31,2.398E12
60,Ni,28,32,infinity
61,Ni,28,33,infinity
62,Ni,28,34,infinity
63,Ni,28,35,3.194E9
64,Ni,28,36,infinity
65,Ni,28,37,9063
66,Ni,28,38,196560
67,Ni,28,39,21
68,Ni,28,40,29
69,Ni,28,41,11.2
70,Ni,28,42,6
71,Ni,28,43,2.56
72,Ni,28,44,1.57
73,Ni,28,45,0.84
74,Ni,28,46,0.68
75,Ni,28,47,0.344
76,Ni,28,48,0.238
77,Ni,28,49,0.128
78,Ni,28,50,0.11
79,Ni,28,51,6.35E-7
53,Cu,29,24,3E-7
54,Cu,29,25,7.5E-8
55,Cu,29,26,0.027
56,Cu,29,27,0.093
57,Cu,29,28,0.196
58,Cu,29,29,3.204
59,Cu,29,30,81.5
60,Cu,29,31,1422
61,Cu,29,32,11998.8
62,Cu,29,33,580.38
63,Cu,29,34,infinity
64,Cu,29,35,45723.6
65,Cu,29,36,infinity
66,Cu,29,37,307.2
67,Cu,29,38,222588
68,Cu,29,39,225
69,Cu,29,40,171
70,Cu,29,41,44.5
71,Cu,29,42,19.4
72,Cu,29,43,6.63
73,Cu,29,44,4.2
74,Cu,29,45,1.594
75,Cu,29,46,1.222
76,Cu,29,47,1.27
77,Cu,29,48,0.468
78,Cu,29,49,5
79,Cu,29,50,0.188
80,Cu,29,51,0.17
81,Cu,29,52,6.32E-7
82,Cu,29,53,6.36E-7
54,Zn,30,24,0.00159
55,Zn,30,25,0.0198
56,Zn,30,26,0.03
57,Zn,30,27,0.038
58,Zn,30,28,0.086
59,Zn,30,29,0.182
60,Zn,30,30,142.8
61,Zn,30,31,89.1
62,Zn,30,32,33069.6
63,Zn,30,33,2308.2
64,Zn,30,34,infinity
65,Zn,30,35,2.108E7
66,Zn,30,36,infinity
67,Zn,30,37,infinity
68,Zn,30,38,infinity
69,Zn,30,39,49536
70,Zn,30,40,7.258E24
71,Zn,30,41,14256
72,Zn,30,42,167400
73,Zn,30,43,23.5
74,Zn,30,44,95.6
75,Zn,30,45,10.2
76,Zn,30,46,5.7
77,Zn,30,47,2.08
78,Zn,30,48,1.47
79,Zn,30,49,0.995
80,Zn,30,50,0.54
81,Zn,30,51,0.304
82,Zn,30,52,1.5E-7
83,Zn,30,53,3E-7
84,Zn,30,54,6.33E-7
85,Zn,30,55,6.37E-7
60,Ga,31,29,0.07
61,Ga,31,30,0.167
62,Ga,31,31,0.116
63,Ga,31,32,32.4
64,Ga,31,33,157.62
65,Ga,31,34,912
66,Ga,31,35,34164
67,Ga,31,36,281810.88
68,Ga,31,37,4062.6
69,Ga,31,38,infinity
70,Ga,31,39,1268.4
71,Ga,31,40,infinity
72,Ga,31,41,50760
73,Ga,31,42,17496
74,Ga,31,43,487.2
75,Ga,31,44,126
76,Ga,31,45,32.6
77,Ga,31,46,13.2
78,Ga,31,47,5.09
79,Ga,31,48,2.847
80,Ga,31,49,1.676
81,Ga,31,50,1.217
82,Ga,31,51,24
83,Ga,31,52,0.308
84,Ga,31,53,0.085
85,Ga,31,54,1E-1
86,Ga,31,55,1.5E-7
87,Ga,31,56,6.34E-7
60,Ge,32,28,1.1E-7
61,Ge,32,29,0.044
62,Ge,32,30,0.129
63,Ge,32,31,0.15
64,Ge,32,32,63.7
65,Ge,32,33,30.9
66,Ge,32,34,8135.1
67,Ge,32,35,1134
68,Ge,32,36,2.341E7
69,Ge,32,37,140580
70,Ge,32,38,infinity
71,Ge,32,39,987552
72,Ge,32,40,infinity
73,Ge,32,41,infinity
74,Ge,32,42,infinity
75,Ge,32,43,4966.8
76,Ge,32,44,infinity
77,Ge,32,45,40680
78,Ge,32,46,5280
79,Ge,32,47,39
80,Ge,32,48,29.5
81,Ge,32,49,7.6
82,Ge,32,50,4.56
83,Ge,32,51,1.85
84,Ge,32,52,0.954
85,Ge,32,53,0.56
86,Ge,32,54,1.5E-7
87,Ge,32,55,0.14
88,Ge,32,56,3E-7
89,Ge,32,57,3E-7
90,Ge,32,58,6.35E-7
63,As,33,30,4.3E-8
64,As,33,31,0.018
65,As,33,32,0.128
66,As,33,33,0.0958
67,As,33,34,42.5
68,As,33,35,151.6
69,As,33,36,912
70,As,33,37,3156
71,As,33,38,235080
72,As,33,39,93600
73,As,33,40,6937920
74,As,33,41,1535328
75,As,33,42,infinity
76,As,33,43,94538.88
77,As,33,44,139788
78,As,33,45,5442
79,As,33,46,540.6
80,As,33,47,15.2
81,As,33,48,33.3
82,As,33,49,19.1
83,As,33,50,13.4
84,As,33,51,4.2
85,As,33,52,2.021
86,As,33,53,0.945
87,As,33,54,0.56
88,As,33,55,3E-7
89,As,33,56,3E-7
90,As,33,57,3E-7
91,As,33,58,1.5E-7
64,Se,34,30,1.8E-7
65,Se,34,31,0.033
66,Se,34,32,3.3E-2
67,Se,34,33,0.136
68,Se,34,34,35.5
69,Se,34,35,27.4
70,Se,34,36,2466
71,Se,34,37,284.4
72,Se,34,38,725760
73,Se,34,39,25740
74,Se,34,40,infinity
75,Se,34,41,1.035E7
76,Se,34,42,infinity
77,Se,34,43,infinity
78,Se,34,44,infinity
79,Se,34,45,9.309E12
80,Se,34,46,infinity
81,Se,34,47,3436.8
82,Se,34,48,infinity
83,Se,34,49,1338
84,Se,34,50,195.6
85,Se,34,51,32.9
86,Se,34,52,14.3
87,Se,34,53,5.5
88,Se,34,54,1.53
89,Se,34,55,0.41
90,Se,34,56,3E-7
91,Se,34,57,0.27
92,Se,34,58,1E-1
93,Se,34,59,5E-2
94,Se,34,60,1.5E-7
95,Se,34,61,3E-7
68,Br,35,33,1.2E-6
69,Br,35,34,2.4E-8
70,Br,35,35,2.2
71,Br,35,36,21.4
72,Br,35,37,78.6
73,Br,35,38,204
74,Br,35,39,2760
75,Br,35,40,5802
76,Br,35,41,58320
77,Br,35,42,205329.6
78,Br,35,43,387
79,Br,35,44,infinity
80,Br,35,45,15913.8
81,Br,35,46,infinity
82,Br,35,47,127015.2
83,Br,35,48,8640
84,Br,35,49,1905.6
85,Br,35,50,174
86,Br,35,51,55.1
87,Br,35,52,55.65
88,Br,35,53,16.29
89,Br,35,54,4.40
90,Br,35,55,1.91
91,Br,35,56,0.541
92,Br,35,57,0.343
93,Br,35,58,0.102
94,Br,35,59,0.07
95,Br,35,60,1.5E-7
96,Br,35,61,1.5E-7
97,Br,35,62,3E-7
98,Br,35,63,6.34E-7
69,Kr,36,33,0.032
70,Kr,36,34,0.052
71,Kr,36,35,0.1
72,Kr,36,36,17.1
73,Kr,36,37,27.3
74,Kr,36,38,690
75,Kr,36,39,257.4
76,Kr,36,40,53280
77,Kr,36,41,4464
78,Kr,36,42,infinity
79,Kr,36,43,50
80,Kr,36,44,infinity
81,Kr,36,45,7.227E12
82,Kr,36,46,infinity
83,Kr,36,47,infinity
84,Kr,36,48,infinity
85,Kr,36,49,3.393E8
86,Kr,36,50,infinity
87,Kr,36,51,4578
88,Kr,36,52,10224
89,Kr,36,53,189
90,Kr,36,54,32.32
91,Kr,36,55,8.57
92,Kr,36,56,1.84
93,Kr,36,57,1.286
94,Kr,36,58,0.212
95,Kr,36,59,0.114
96,Kr,36,60,0.08
97,Kr,36,61,0.063
98,Kr,36,62,0.046
99,Kr,36,63,0.013
100,Kr,36,64,0.007
101,Kr,36,65,6.35E-7
72,Rb,37,35,1.2E-6
73,Rb,37,36,3E-8
74,Rb,37,37,0.0649
75,Rb,37,38,19
76,Rb,37,39,36.5
77,Rb,37,40,226.2
78,Rb,37,41,1059.6
79,Rb,37,42,1374
80,Rb,37,43,33.4
81,Rb,37,44,16459.2
82,Rb,37,45,23299.2
83,Rb,37,46,7447680
84,Rb,37,47,2835648
85,Rb,37,48,infinity
86,Rb,37,49,1610668.8
87,Rb,37,50,1.518E18
88,Rb,37,51,1066.38
89,Rb,37,52,909
90,Rb,37,53,258
91,Rb,37,54,58.4
92,Rb,37,55,4.492
93,Rb,37,56,5.84
94,Rb,37,57,2.702
95,Rb,37,58,0.378
96,Rb,37,59,0.203
97,Rb,37,60,0.169
98,Rb,37,61,1.02E-1
99,Rb,37,62,0.054
100,Rb,37,63,5.1E-2
101,Rb,37,64,0.032
102,Rb,37,65,0.037
103,Rb,37,66,6.33E-7
73,Sr,38,35,0.025
74,Sr,38,36,1.2E-6
75,Sr,38,37,0.088
76,Sr,38,38,7.89
77,Sr,38,39,9
78,Sr,38,40,160
79,Sr,38,41,135
80,Sr,38,42,6378
81,Sr,38,43,1338
82,Sr,38,44,2189376
83,Sr,38,45,116675.1
84,Sr,38,46,infinity
85,Sr,38,47,5603039.1
86,Sr,38,48,infinity
87,Sr,38,49,infinity
88,Sr,38,50,infinity
89,Sr,38,51,4365792
90,Sr,38,52,9.12E8
91,Sr,38,53,34668
92,Sr,38,54,9576
93,Sr,38,55,445.8
94,Sr,38,56,75.3
95,Sr,38,57,23.9
96,Sr,38,58,1.07
97,Sr,38,59,0.429
98,Sr,38,60,0.653
99,Sr,38,61,0.269
100,Sr,38,62,0.202
101,Sr,38,63,0.118
102,Sr,38,64,0.069
103,Sr,38,65,0.068
104,Sr,38,66,0.043
105,Sr,38,67,0.04
106,Sr,38,68,3.92E-7
107,Sr,38,69,3.95E-7
76,Y,39,37,2E-7
77,Y,39,38,0.057
78,Y,39,39,5.8
79,Y,39,40,14.8
80,Y,39,41,30.1
81,Y,39,42,70.4
82,Y,39,43,8.3
83,Y,39,44,424.8
84,Y,39,45,2370
85,Y,39,46,17496
86,Y,39,47,53064
87,Y,39,48,287280
88,Y,39,49,9212486.4
89,Y,39,50,infinity
90,Y,39,51,230590.8
91,Y,39,52,5055264
92,Y,39,53,12744
93,Y,39,54,36648
94,Y,39,55,1122
95,Y,39,56,618
96,Y,39,57,9.6
97,Y,39,58,3.75
98,Y,39,59,2
99,Y,39,60,1.484
100,Y,39,61,11
101,Y,39,62,0.45
102,Y,39,63,0.36
103,Y,39,64,0.23
104,Y,39,65,0.197
105,Y,39,66,0.085
106,Y,39,67,0.062
107,Y,39,68,0.041
108,Y,39,69,0.025
109,Y,39,70,3.93E-7
78,Zr,40,38,1.7E-7
79,Zr,40,39,0.056
80,Zr,40,40,4.6
81,Zr,40,41,5.5
82,Zr,40,42,32
83,Zr,40,43,41.6
84,Zr,40,44,1548
85,Zr,40,45,471.6
86,Zr,40,46,59400
87,Zr,40,47,6048
88,Zr,40,48,7205760
89,Zr,40,49,282276
90,Zr,40,50,infinity
91,Zr,40,51,infinity
92,Zr,40,52,infinity
93,Zr,40,53,5.0808E13
94,Zr,40,54,infinity
95,Zr,40,55,5532364.8
96,Zr,40,56,7.416E26
97,Zr,40,57,60296.4
98,Zr,40,58,30.7
99,Zr,40,59,2.1
100,Zr,40,60,7.1
101,Zr,40,61,2.3
102,Zr,40,62,2.9
103,Zr,40,63,1.32
104,Zr,40,64,0.87
105,Zr,40,65,0.66
106,Zr,40,66,0.191
107,Zr,40,67,0.138
108,Zr,40,68,0.073
109,Zr,40,69,0.063
110,Zr,40,70,0.037
111,Zr,40,71,3.92E-7
112,Zr,40,72,3.94E-7
81,Nb,41,40,2E-7
82,Nb,41,41,0.05
83,Nb,41,42,3.8
84,Nb,41,43,3
85,Nb,41,44,20.5
86,Nb,41,45,88
87,Nb,41,46,225
88,Nb,41,47,873
89,Nb,41,48,7307.1
90,Nb,41,49,52560
91,Nb,41,50,2.146E10
92,Nb,41,51,1.095E15
93,Nb,41,52,infinity
94,Nb,41,53,6.406E11
95,Nb,41,54,3023222.4
96,Nb,41,55,84060
97,Nb,41,56,4326
98,Nb,41,57,3078
99,Nb,41,58,150
100,Nb,41,59,2.99
101,Nb,41,60,7.1
102,Nb,41,61,4.3
103,Nb,41,62,1.5
104,Nb,41,63,4.9
105,Nb,41,64,2.95
106,Nb,41,65,0.93
107,Nb,41,66,0.3
108,Nb,41,67,0.22
109,Nb,41,68,0.106
110,Nb,41,69,0.086
111,Nb,41,70,0.051
112,Nb,41,71,0.033
113,Nb,41,72,3E-7
114,Nb,41,73,3.92E-7
115,Nb,41,74,3.94E-7
83,Mo,42,41,0.006
84,Mo,42,42,2.3
85,Mo,42,43,3.2
86,Mo,42,44,19.1
87,Mo,42,45,14.02
88,Mo,42,46,480
89,Mo,42,47,126.6
90,Mo,42,48,20016
91,Mo,42,49,929.4
92,Mo,42,50,infinity
93,Mo,42,51,1.262E11
94,Mo,42,52,infinity
95,Mo,42,53,infinity
96,Mo,42,54,infinity
97,Mo,42,55,infinity
98,Mo,42,56,infinity
99,Mo,42,57,237513.6
100,Mo,42,58,2.304E26
101,Mo,42,59,876.6
102,Mo,42,60,678
103,Mo,42,61,67.5
104,Mo,42,62,60
105,Mo,42,63,35.6
106,Mo,42,64,8.73
107,Mo,42,65,3.5
108,Mo,42,66,1.09
109,Mo,42,67,0.66
110,Mo,42,68,0.27
111,Mo,42,69,0.22
112,Mo,42,70,0.12
113,Mo,42,71,0.078
114,Mo,42,72,0.06
115,Mo,42,73,0.051
116,Mo,42,74,3.91E-7
117,Mo,42,75,3.93E-7
85,Tc,43,42,0.5
86,Tc,43,43,0.054
87,Tc,43,44,2.2
88,Tc,43,45,6.4
89,Tc,43,46,12.9
90,Tc,43,47,49.2
91,Tc,43,48,198
92,Tc,43,49,255
93,Tc,43,50,9900
94,Tc,43,51,17580
95,Tc,43,52,5270400
96,Tc,43,53,369792
97,Tc,43,54,1.329E14
98,Tc,43,55,1.325E14
99,Tc,43,56,6.662E12
100,Tc,43,57,15.46
101,Tc,43,58,841.2
102,Tc,43,59,261
103,Tc,43,60,54.2
104,Tc,43,61,1098
105,Tc,43,62,456
106,Tc,43,63,35.6
107,Tc,43,64,21.2
108,Tc,43,65,5.17
109,Tc,43,66,0.86
110,Tc,43,67,0.92
111,Tc,43,68,0.35
112,Tc,43,69,0.29
113,Tc,43,70,1.6E-1
114,Tc,43,71,1E-1
115,Tc,43,72,0.083
116,Tc,43,73,0.056
117,Tc,43,74,0.085
118,Tc,43,75,3E-2
119,Tc,43,76,3.92E-7
120,Tc,43,77,3.94E-7
87,Ru,44,43,1.5E-6
88,Ru,44,44,1.2
89,Ru,44,45,1.5
90,Ru,44,46,11.7
91,Ru,44,47,7.9
92,Ru,44,48,219
93,Ru,44,49,59.7
94,Ru,44,50,3108
95,Ru,44,51,5914.8
96,Ru,44,52,infinity
97,Ru,44,53,244512
98,Ru,44,54,infinity
99,Ru,44,55,infinity
100,Ru,44,56,infinity
101,Ru,44,57,infinity
102,Ru,44,58,infinity
103,Ru,44,59,3390940.8
104,Ru,44,60,infinity
105,Ru,44,61,15984
106,Ru,44,62,3.212E7
107,Ru,44,63,225
108,Ru,44,64,273
109,Ru,44,65,34.5
110,Ru,44,66,11.6
111,Ru,44,67,2.12
112,Ru,44,68,1.75
113,Ru,44,69,0.8
114,Ru,44,70,0.52
115,Ru,44,71,0.74
116,Ru,44,72,0.204
117,Ru,44,73,0.142
118,Ru,44,74,0.123
119,Ru,44,75,3E-7
120,Ru,44,76,1.5E-7
121,Ru,44,77,3.9E-7
122,Ru,44,78,3.92E-7
123,Ru,44,79,3.94E-7
124,Ru,44,80,3.96E-7
89,Rh,45,44,1.5E-6
90,Rh,45,45,1
91,Rh,45,46,1.47
92,Rh,45,47,4.66
93,Rh,45,48,12.2
94,Rh,45,49,66
95,Rh,45,50,301.2
96,Rh,45,51,594
97,Rh,45,52,2772
98,Rh,45,53,523.2
99,Rh,45,54,1391040
100,Rh,45,55,74880
101,Rh,45,56,1.0414E8
102,Rh,45,57,1.181E8
103,Rh,45,58,infinity
104,Rh,45,59,260.4
105,Rh,45,60,127296
106,Rh,45,61,7860
107,Rh,45,62,1302
108,Rh,45,63,360
109,Rh,45,64,80
110,Rh,45,65,28.5
111,Rh,45,66,11
112,Rh,45,67,4
113,Rh,45,68,2.8
114,Rh,45,69,1.86
115,Rh,45,70,0.99
116,Rh,45,71,0.68
117,Rh,45,72,0.44
118,Rh,45,73,0.266
119,Rh,45,74,0.171
120,Rh,45,75,0.136
121,Rh,45,76,0.151
122,Rh,45,77,3E-7
123,Rh,45,78,4.03E-7
124,Rh,45,79,3.91E-7
125,Rh,45,80,3.93E-7
126,Rh,45,81,3.95E-7
91,Pd,46,45,1E-6
92,Pd,46,46,0.7
93,Pd,46,47,1
94,Pd,46,48,9.6
95,Pd,46,49,13.3
96,Pd,46,50,122
97,Pd,46,51,186
98,Pd,46,52,1062
99,Pd,46,53,1284
100,Pd,46,54,313632
101,Pd,46,55,30492
102,Pd,46,56,infinity
103,Pd,46,57,1468022.4
104,Pd,46,58,infinity
105,Pd,46,59,infinity
106,Pd,46,60,infinity
107,Pd,46,61,2.0512E14
108,Pd,46,62,infinity
109,Pd,46,63,49324.32
110,Pd,46,64,infinity
111,Pd,46,65,19800
112,Pd,46,66,75708
113,Pd,46,67,93
114,Pd,46,68,145.2
115,Pd,46,69,50
116,Pd,46,70,11.8
117,Pd,46,71,4.3
118,Pd,46,72,1.9
119,Pd,46,73,0.92
120,Pd,46,74,0.5
121,Pd,46,75,0.285
122,Pd,46,76,0.175
123,Pd,46,77,0.174
124,Pd,46,78,0.038
125,Pd,46,79,2.3E-7
126,Pd,46,80,2.3E-7
128,Pd,46,82,3.94E-7
94,Ag,47,47,0.6
95,Ag,47,48,1.75
96,Ag,47,49,6.9
97,Ag,47,50,25.5
98,Ag,47,51,47.5
99,Ag,47,52,124
100,Ag,47,53,134.4
101,Ag,47,54,666
102,Ag,47,55,774
103,Ag,47,56,3942
104,Ag,47,57,4152
105,Ag,47,58,3567456
106,Ag,47,59,715392
107,Ag,47,60,infinity
108,Ag,47,61,1.382E10
109,Ag,47,62,infinity
110,Ag,47,63,2.158E7
111,Ag,47,64,643680
112,Ag,47,65,11268
113,Ag,47,66,19332
114,Ag,47,67,4.6
115,Ag,47,68,1200
116,Ag,47,69,237
117,Ag,47,70,72.8
118,Ag,47,71,3.76
119,Ag,47,72,6
120,Ag,47,73,1.23
121,Ag,47,74,0.78
122,Ag,47,75,0.55
123,Ag,47,76,0.3
124,Ag,47,77,0.172
125,Ag,47,78,0.166
126,Ag,47,79,0.107
127,Ag,47,80,0.109
128,Ag,47,81,0.058
129,Ag,47,82,0.046
130,Ag,47,83,0.05
96,Cd,48,48,1.03
97,Cd,48,49,3.7
98,Cd,48,50,9.2
99,Cd,48,51,16
100,Cd,48,52,49.1
101,Cd,48,53,81.6
102,Cd,48,54,330
103,Cd,48,55,438
104,Cd,48,56,3462
105,Cd,48,57,3330
106,Cd,48,58,infinity
107,Cd,48,59,23400
108,Cd,48,60,5.996E25
109,Cd,48,61,3.986E7
110,Cd,48,62,infinity
111,Cd,48,63,infinity
112,Cd,48,64,infinity
113,Cd,48,65,2.525E23
114,Cd,48,66,6.627E25
115,Cd,48,67,3849984
116,Cd,48,68,1.0414E27
117,Cd,48,69,12096
118,Cd,48,70,3018
119,Cd,48,71,161.4
120,Cd,48,72,50.8
121,Cd,48,73,13.5
122,Cd,48,74,5.24
123,Cd,48,75,2.1
124,Cd,48,76,1.25
125,Cd,48,77,0.68
126,Cd,48,78,0.515
127,Cd,48,79,0.37
128,Cd,48,80,0.28
129,Cd,48,81,0.27
130,Cd,48,82,0.162
131,Cd,48,83,0.068
132,Cd,48,84,0.097
133,Cd,48,85,0.057
98,In,49,49,1.2
99,In,49,50,3
100,In,49,51,5.9
101,In,49,52,15.1
102,In,49,53,23.3
103,In,49,54,65
104,In,49,55,108
105,In,49,56,304.2
106,In,49,57,372
107,In,49,58,1944
108,In,49,59,3480
109,In,49,60,15001.2
110,In,49,61,17640
111,In,49,62,242326.08
112,In,49,63,1233.6
113,In,49,64,infinity
114,In,49,65,4277664
115,In,49,66,1.392E22
116,In,49,67,3257.4
117,In,49,68,6972
118,In,49,69,267
119,In,49,70,1080
120,In,49,71,47.3
121,In,49,72,232.8
122,In,49,73,10.8
123,In,49,74,47.4
124,In,49,75,3.7
125,In,49,76,12.2
126,In,49,77,1.64
127,In,49,78,3.67
128,In,49,79,0.84
129,In,49,80,1.23
130,In,49,81,0.54
131,In,49,82,0.35
132,In,49,83,0.207
133,In,49,84,0.18
134,In,49,85,0.14
135,In,49,86,0.092
100,Sn,50,50,0.86
101,Sn,50,51,1.7
102,Sn,50,52,3.8
103,Sn,50,53,7
104,Sn,50,54,20.8
105,Sn,50,55,32.7
106,Sn,50,56,115
107,Sn,50,57,174
108,Sn,50,58,618
109,Sn,50,59,1080
110,Sn,50,60,14796
111,Sn,50,61,2118
112,Sn,50,62,4.102E28
113,Sn,50,63,9943776
114,Sn,50,64,infinity
115,Sn,50,65,infinity
116,Sn,50,66,infinity
117,Sn,50,67,infinity
118,Sn,50,68,infinity
119,Sn,50,69,infinity
120,Sn,50,70,infinity
121,Sn,50,71,1.385E9
122,Sn,50,72,infinity
123,Sn,50,73,1.116E7
124,Sn,50,74,infinity
125,Sn,50,75,832896
126,Sn,50,76,7.258E12
127,Sn,50,77,7560
128,Sn,50,78,3544.2
129,Sn,50,79,414
130,Sn,50,80,223.2
131,Sn,50,81,58.4
132,Sn,50,82,39.7
133,Sn,50,83,1.46
134,Sn,50,84,1.05
135,Sn,50,85,0.53
136,Sn,50,86,0.25
137,Sn,50,87,0.19
138,Sn,50,88,4.08E-7
103,Sb,51,52,1.5E-6
104,Sb,51,53,0.44
105,Sb,51,54,1.22
106,Sb,51,55,0.6
107,Sb,51,56,4
108,Sb,51,57,7.4
109,Sb,51,58,17
110,Sb,51,59,23.0
111,Sb,51,60,75
112,Sb,51,61,51.4
113,Sb,51,62,400.2
114,Sb,51,63,209.4
115,Sb,51,64,1926
116,Sb,51,65,3618
117,Sb,51,66,10080
118,Sb,51,67,18000
119,Sb,51,68,137484
120,Sb,51,69,497664
121,Sb,51,70,infinity
122,Sb,51,71,235336.32
123,Sb,51,72,infinity
124,Sb,51,73,5201280
125,Sb,51,74,8.705E7
126,Sb,51,75,1067040
127,Sb,51,76,332640
128,Sb,51,77,32436
129,Sb,51,78,15840
130,Sb,51,79,2370
131,Sb,51,80,1381.8
132,Sb,51,81,245.1
133,Sb,51,82,140.4
134,Sb,51,83,10.07
135,Sb,51,84,1.679
136,Sb,51,85,0.923
137,Sb,51,86,0.492
138,Sb,51,87,0.35
139,Sb,51,88,0.093
140,Sb,51,89,4.07E-7
105,Te,52,53,6.2E-7
106,Te,52,54,7E-5
107,Te,52,55,0.0031
108,Te,52,56,2.1
109,Te,52,57,4.6
110,Te,52,58,18.6
111,Te,52,59,19.3
112,Te,52,60,120
113,Te,52,61,102
114,Te,52,62,912
115,Te,52,63,402
116,Te,52,64,8964
117,Te,52,65,3720
118,Te,52,66,518400
119,Te,52,67,406080
120,Te,52,68,infinity
121,Te,52,69,1.419E7
122,Te,52,70,infinity
123,Te,52,71,2.903E24
124,Te,52,72,infinity
125,Te,52,73,infinity
126,Te,52,74,infinity
127,Te,52,75,9167040
128,Te,52,76,6.942672E31
129,Te,52,77,2903040
130,Te,52,78,2.493E28
131,Te,52,79,119700
132,Te,52,80,276825.6
133,Te,52,81,3324
134,Te,52,82,2508
135,Te,52,83,19
136,Te,52,84,17.63
137,Te,52,85,2.49
138,Te,52,86,1.4
139,Te,52,87,1.5E-7
140,Te,52,88,3E-7
141,Te,52,89,1.5E-7
142,Te,52,90,5E-2
143,Te,52,91,4.08E-7
108,I,53,55,0.036
109,I,53,56,9.35E-5
110,I,53,57,0.65
111,I,53,58,2.5
112,I,53,59,3.42
113,I,53,60,6.6
114,I,53,61,6.2
115,I,53,62,78
116,I,53,63,2.91
117,I,53,64,133.2
118,I,53,65,822
119,I,53,66,1146
120,I,53,67,4896
121,I,53,68,7632
122,I,53,69,217.8
123,I,53,70,47604.6
124,I,53,71,360806.4
125,I,53,72,5132764.8
126,I,53,73,1117152
127,I,53,74,infinity
128,I,53,75,1499.4
129,I,53,76,4.955E14
130,I,53,77,44496
131,I,53,78,693377.28
132,I,53,79,8262
133,I,53,80,74988
134,I,53,81,3150
135,I,53,82,23688
136,I,53,83,83.4
137,I,53,84,24.5
138,I,53,85,6.23
139,I,53,86,2.28
140,I,53,87,0.86
141,I,53,88,0.43
142,I,53,89,0.222
143,I,53,90,0.13
144,I,53,91,3E-7
145,I,53,92,4.07E-7
109,Xe,54,55,0.013
110,Xe,54,56,0.093
111,Xe,54,57,0.81
112,Xe,54,58,2.7
113,Xe,54,59,2.74
114,Xe,54,60,10
115,Xe,54,61,18
116,Xe,54,62,59
117,Xe,54,63,61
118,Xe,54,64,228
119,Xe,54,65,348
120,Xe,54,66,2400
121,Xe,54,67,2406
122,Xe,54,68,72360
123,Xe,54,69,7488
124,Xe,54,70,5.0492E21
125,Xe,54,71,60839.1
126,Xe,54,72,infinity
127,Xe,54,73,3140294.4
128,Xe,54,74,infinity
129,Xe,54,75,infinity
130,Xe,54,76,infinity
131,Xe,54,77,infinity
132,Xe,54,78,infinity
133,Xe,54,79,453383.1
134,Xe,54,80,0.29
135,Xe,54,81,32904
136,Xe,54,82,6.66E27
137,Xe,54,83,229.08
138,Xe,54,84,844.8
139,Xe,54,85,39.68
140,Xe,54,86,13.6
141,Xe,54,87,1.73
142,Xe,54,88,1.23
143,Xe,54,89,0.511
144,Xe,54,90,0.388
145,Xe,54,91,0.188
146,Xe,54,92,0.146
147,Xe,54,93,0.1
148,Xe,54,94,4.08E-7
112,Cs,55,57,5E-4
113,Cs,55,58,1.67E-5
114,Cs,55,59,0.57
115,Cs,55,60,1.4
116,Cs,55,61,10
117,Cs,55,62,8.4
118,Cs,55,63,14
119,Cs,55,64,43
120,Cs,55,65,61.3
121,Cs,55,66,155
122,Cs,55,67,222
123,Cs,55,68,352.8
124,Cs,55,69,30.9
125,Cs,55,70,2802
126,Cs,55,71,98.4
127,Cs,55,72,22500
128,Cs,55,73,219.6
129,Cs,55,74,115416
130,Cs,55,75,1752.6
131,Cs,55,76,837129.6
132,Cs,55,77,559872
133,Cs,55,78,infinity
134,Cs,55,79,6.517E7
135,Cs,55,80,7.258E13
136,Cs,55,81,1126656
137,Cs,55,82,9.493E8
138,Cs,55,83,2004.6
139,Cs,55,84,556.2
140,Cs,55,85,63.7
141,Cs,55,86,24.84
142,Cs,55,87,1.684
143,Cs,55,88,1.791
144,Cs,55,89,1
145,Cs,55,90,0.587
146,Cs,55,91,0.321
147,Cs,55,92,0.23
148,Cs,55,93,0.146
149,Cs,55,94,0.05
150,Cs,55,95,0.05
151,Cs,55,96,0.05
114,Ba,56,58,0.43
115,Ba,56,59,0.45
116,Ba,56,60,1.3
117,Ba,56,61,1.75
118,Ba,56,62,5.5
119,Ba,56,63,5.4
120,Ba,56,64,24
121,Ba,56,65,29.7
122,Ba,56,66,117
123,Ba,56,67,162
124,Ba,56,68,660
125,Ba,56,69,198
126,Ba,56,70,6000
127,Ba,56,71,762
128,Ba,56,72,209952
129,Ba,56,73,8028
130,Ba,56,74,infinity
131,Ba,56,75,993600
132,Ba,56,76,infinity
133,Ba,56,77,3.33E8
134,Ba,56,78,infinity
135,Ba,56,79,infinity
136,Ba,56,80,infinity
137,Ba,56,81,infinity
138,Ba,56,82,infinity
139,Ba,56,83,4983.6
140,Ba,56,84,1101833.28
141,Ba,56,85,1096.2
142,Ba,56,86,636
143,Ba,56,87,14.5
144,Ba,56,88,11.5
145,Ba,56,89,4.31
146,Ba,56,90,2.22
147,Ba,56,91,0.894
148,Ba,56,92,0.612
149,Ba,56,93,0.344
150,Ba,56,94,0.3
151,Ba,56,95,3E-7
152,Ba,56,96,4.06E-7
117,La,57,60,0.0235
118,La,57,61,2E-1
119,La,57,62,1
120,La,57,63,2.8
121,La,57,64,5.3
122,La,57,65,8.6
123,La,57,66,17
124,La,57,67,29.21
125,La,57,68,64.8
126,La,57,69,54
127,La,57,70,306
128,La,57,71,310.8
129,La,57,72,696
130,La,57,73,522
131,La,57,74,3540
132,La,57,75,17280
133,La,57,76,14083.2
134,La,57,77,387
135,La,57,78,70200
136,La,57,79,592.2
137,La,57,80,1.893E12
138,La,57,81,3.219E18
139,La,57,82,infinity
140,La,57,83,145026.72
141,La,57,84,14112
142,La,57,85,5466
143,La,57,86,852
144,La,57,87,40.8
145,La,57,88,24.8
146,La,57,89,10
147,La,57,90,4.06
148,La,57,91,1.26
149,La,57,92,1.05
150,La,57,93,0.86
151,La,57,94,3E-7
152,La,57,95,1.5E-7
153,La,57,96,1E-7
119,Ce,58,61,2E-1
120,Ce,58,62,2.5E-1
121,Ce,58,63,1.1
122,Ce,58,64,2
123,Ce,58,65,3.8
124,Ce,58,66,6
125,Ce,58,67,9.7
126,Ce,58,68,51
127,Ce,58,69,34
128,Ce,58,70,235.8
129,Ce,58,71,210
130,Ce,58,72,1374
131,Ce,58,73,618
132,Ce,58,74,12636
133,Ce,58,75,18360
134,Ce,58,76,273024
135,Ce,58,77,63720
136,Ce,58,78,2.209E21
137,Ce,58,79,123840
138,Ce,58,80,2.84E21
139,Ce,58,81,1.189E7
140,Ce,58,82,infinity
141,Ce,58,83,2808691.2
142,Ce,58,84,1.578E24
143,Ce,58,85,118940.4
144,Ce,58,86,2.462E7
145,Ce,58,87,180.6
146,Ce,58,88,811.2
147,Ce,58,89,56.4
148,Ce,58,90,56
149,Ce,58,91,5.3
150,Ce,58,92,4
151,Ce,58,93,1.76
152,Ce,58,94,1.4
153,Ce,58,95,1E-7
154,Ce,58,96,1E-7
155,Ce,58,97,3E-7
121,Pr,59,62,0.01
122,Pr,59,63,0.5
123,Pr,59,64,0.8
124,Pr,59,65,1.2
125,Pr,59,66,3.3
126,Pr,59,67,3.14
127,Pr,59,68,4.2
128,Pr,59,69,3
129,Pr,59,70,30
130,Pr,59,71,40
131,Pr,59,72,90.6
132,Pr,59,73,96
133,Pr,59,74,390
134,Pr,59,75,1020
135,Pr,59,76,1440
136,Pr,59,77,786
137,Pr,59,78,4608
138,Pr,59,79,7632
139,Pr,59,80,15876
140,Pr,59,81,203.4
141,Pr,59,82,infinity
142,Pr,59,83,68832
143,Pr,59,84,1172448
144,Pr,59,85,1036.8
145,Pr,59,86,21542.4
146,Pr,59,87,1449
147,Pr,59,88,804
148,Pr,59,89,137.4
149,Pr,59,90,135.6
150,Pr,59,91,6.19
151,Pr,59,92,18.9
152,Pr,59,93,3.57
153,Pr,59,94,4.28
154,Pr,59,95,2.3
155,Pr,59,96,3E-7
156,Pr,59,97,3E-7
125,Nd,60,65,0.65
126,Nd,60,66,2E-7
127,Nd,60,67,1.8
128,Nd,60,68,5
129,Nd,60,69,4.9
130,Nd,60,70,21
131,Nd,60,71,25.4
132,Nd,60,72,94
133,Nd,60,73,70
134,Nd,60,74,510
135,Nd,60,75,744
136,Nd,60,76,3039
137,Nd,60,77,2310
138,Nd,60,78,18144
139,Nd,60,79,19800
140,Nd,60,80,291168
141,Nd,60,81,8964
142,Nd,60,82,infinity
143,Nd,60,83,infinity
144,Nd,60,84,7.227E22
145,Nd,60,85,infinity
146,Nd,60,86,infinity
147,Nd,60,87,948672
148,Nd,60,88,infinity
149,Nd,60,89,6220.8
150,Nd,60,90,2.493E26
151,Nd,60,91,746.4
152,Nd,60,92,684
153,Nd,60,93,31.6
154,Nd,60,94,25.9
155,Nd,60,95,8.9
156,Nd,60,96,5.06
157,Nd,60,97,1E-7
158,Nd,60,98,5E-8
128,Pm,61,67,1
129,Pm,61,68,2.4
130,Pm,61,69,3
131,Pm,61,70,6.3
132,Pm,61,71,6.2
133,Pm,61,72,13.5
134,Pm,61,73,22
135,Pm,61,74,49
136,Pm,61,75,107
137,Pm,61,76,144
138,Pm,61,77,194.4
139,Pm,61,78,249
140,Pm,61,79,357
141,Pm,61,80,1254
142,Pm,61,81,40.5
143,Pm,61,82,2.29E7
144,Pm,61,83,3.136E7
145,Pm,61,84,5.586E8
146,Pm,61,85,1.745E8
147,Pm,61,86,8.279E7
148,Pm,61,87,41.29D0.11
149,Pm,61,88,191088
150,Pm,61,89,9648
151,Pm,61,90,102240
152,Pm,61,91,828
153,Pm,61,92,315
154,Pm,61,93,2.68M0.07
155,Pm,61,94,41.5
156,Pm,61,95,26.7
157,Pm,61,96,10.56
158,Pm,61,97,4.8
159,Pm,61,98,1.5
128,Sm,62,66,0.5
129,Sm,62,67,0.55
130,Sm,62,68,1
131,Sm,62,69,1.2
132,Sm,62,70,4
133,Sm,62,71,3.5
134,Sm,62,72,9.5
135,Sm,62,73,10.3
136,Sm,62,74,47
137,Sm,62,75,45
138,Sm,62,76,186
139,Sm,62,77,154.2
140,Sm,62,78,889.2
141,Sm,62,79,1356
142,Sm,62,80,4349.4
143,Sm,62,81,525
144,Sm,62,82,infinity
145,Sm,62,83,2.938E7
146,Sm,62,84,3.25E15
147,Sm,62,85,3.345E18
148,Sm,62,86,2.209E23
149,Sm,62,87,infinity
150,Sm,62,88,infinity
151,Sm,62,89,2.84E9
152,Sm,62,90,infinity
153,Sm,62,91,166622.4
154,Sm,62,92,infinity
155,Sm,62,93,1338
156,Sm,62,94,33840
157,Sm,62,95,481.8
158,Sm,62,96,318
159,Sm,62,97,11.37
160,Sm,62,98,9.6
161,Sm,62,99,4.8
162,Sm,62,100,2.4
130,Eu,63,67,9E-4
131,Eu,63,68,0.0178
132,Eu,63,69,0.1
133,Eu,63,70,0.2
134,Eu,63,71,0.5
135,Eu,63,72,1.5
136,Eu,63,73,3.8
137,Eu,63,74,11
138,Eu,63,75,12.1
139,Eu,63,76,17.9
140,Eu,63,77,1.51
141,Eu,63,78,40.7
142,Eu,63,79,73.38
143,Eu,63,80,155.4
144,Eu,63,81,10.2
145,Eu,63,82,512352
146,Eu,63,83,398304
147,Eu,63,84,2082240
148,Eu,63,85,4708800
149,Eu,63,86,8043839.1
150,Eu,63,87,1.164E9
151,Eu,63,88,5.365E25
152,Eu,63,89,4.269E8
153,Eu,63,90,infinity
154,Eu,63,91,2.714E8
155,Eu,63,92,1.5E8
156,Eu,63,93,1312416
157,Eu,63,94,54648
158,Eu,63,95,2754
159,Eu,63,96,1086
160,Eu,63,97,38
161,Eu,63,98,26
162,Eu,63,99,10.6
163,Eu,63,100,7.7
164,Eu,63,101,4.2
165,Eu,63,102,2.3
135,Gd,64,71,1.1
136,Gd,64,72,2E-7
137,Gd,64,73,2.2
138,Gd,64,74,4.7
139,Gd,64,75,5.8
140,Gd,64,76,15.8
141,Gd,64,77,24.5
142,Gd,64,78,70.2
143,Gd,64,79,110
144,Gd,64,80,268.2
145,Gd,64,81,1380
146,Gd,64,82,4170528
147,Gd,64,83,137016
148,Gd,64,84,2.237E9
149,Gd,64,85,801792
150,Gd,64,86,5.649E13
151,Gd,64,87,1.0705E7
152,Gd,64,88,3.408E21
153,Gd,64,89,2.0771E7
154,Gd,64,90,infinity
155,Gd,64,91,infinity
156,Gd,64,92,infinity
157,Gd,64,93,infinity
158,Gd,64,94,infinity
159,Gd,64,95,66524.4
160,Gd,64,96,9.783E26
161,Gd,64,97,219.6
162,Gd,64,98,504
163,Gd,64,99,68
164,Gd,64,100,45
165,Gd,64,101,10.3
166,Gd,64,102,4.8
135,Tb,65,70,9.4E-4
136,Tb,65,71,0.2
137,Tb,65,72,0.6
138,Tb,65,73,2E-7
139,Tb,65,74,1.6
140,Tb,65,75,2
141,Tb,65,76,7.9
142,Tb,65,77,0.597
143,Tb,65,78,21
144,Tb,65,79,4.25
145,Tb,65,80,30.9
146,Tb,65,81,23
147,Tb,65,82,5904
148,Tb,65,83,3600
149,Tb,65,84,14824.8
150,Tb,65,85,12528
151,Tb,65,86,63392.4
152,Tb,65,87,63000
153,Tb,65,88,202176
154,Tb,65,89,81720
155,Tb,65,90,459648
156,Tb,65,91,462239.1
157,Tb,65,92,2.241E9
158,Tb,65,93,5.68E9
159,Tb,65,94,infinity
160,Tb,65,95,6246720
161,Tb,65,96,595296
162,Tb,65,97,456
163,Tb,65,98,1170
164,Tb,65,99,180
165,Tb,65,100,126.6
166,Tb,65,101,25.1
167,Tb,65,102,19.4
168,Tb,65,103,8.2
139,Dy,66,73,0.6
140,Dy,66,74,0.7
141,Dy,66,75,0.9
142,Dy,66,76,2.3
143,Dy,66,77,5.6
144,Dy,66,78,9.1
145,Dy,66,79,14.1
146,Dy,66,80,29
147,Dy,66,81,67
148,Dy,66,82,198
149,Dy,66,83,252
150,Dy,66,84,430.2
151,Dy,66,85,1074
152,Dy,66,86,8568
153,Dy,66,87,23040
154,Dy,66,88,9.467E13
155,Dy,66,89,35640
156,Dy,66,90,infinity
157,Dy,66,91,29304
157,Dy,66,91,0.0216
158,Dy,66,92,infinity
159,Dy,66,93,1.248E7
160,Dy,66,94,infinity
161,Dy,66,95,infinity
162,Dy,66,96,infinity
163,Dy,66,97,infinity
164,Dy,66,98,infinity
165,Dy,66,99,8402.4
166,Dy,66,100,293760
167,Dy,66,101,372
168,Dy,66,102,522
169,Dy,66,103,39
140,Ho,67,73,5
141,Ho,67,74,0.0041
142,Ho,67,75,0.4
143,Ho,67,76,0.6
144,Ho,67,77,0.7
145,Ho,67,78,2.4
146,Ho,67,79,3.6
147,Ho,67,80,5.8
148,Ho,67,81,9.59
149,Ho,67,82,56
150,Ho,67,83,72
151,Ho,67,84,47.2
152,Ho,67,85,161.8
153,Ho,67,86,558
154,Ho,67,87,705.6
155,Ho,67,88,2880
156,Ho,67,89,3360
157,Ho,67,90,756
158,Ho,67,91,1680
159,Ho,67,92,1982.1
160,Ho,67,93,18072
161,Ho,67,94,8928
162,Ho,67,95,4020
163,Ho,67,96,1.442E11
164,Ho,67,97,2250
165,Ho,67,98,infinity
166,Ho,67,99,3.787E10
167,Ho,67,100,10810.8
168,Ho,67,101,179.4
169,Ho,67,102,283.2
170,Ho,67,103,165.6
171,Ho,67,104,53
172,Ho,67,105,25
144,Er,68,76,2E-7
145,Er,68,77,1
146,Er,68,78,1.7
147,Er,68,79,2.5
148,Er,68,80,4.6
149,Er,68,81,8.9
150,Er,68,82,18.5
151,Er,68,83,23.5
152,Er,68,84,10.3
153,Er,68,85,37.1
154,Er,68,86,223.8
155,Er,68,87,318
156,Er,68,88,1170
157,Er,68,89,1119
158,Er,68,90,8244
159,Er,68,91,2160
160,Er,68,92,102888
161,Er,68,93,11556
162,Er,68,94,infinity
163,Er,68,95,4500
164,Er,68,96,infinity
165,Er,68,97,37296
166,Er,68,98,infinity
167,Er,68,99,infinity
168,Er,68,100,infinity
169,Er,68,101,811468.8
170,Er,68,102,infinity
171,Er,68,103,27057.6
172,Er,68,104,177480
173,Er,68,105,84
174,Er,68,106,192
175,Er,68,107,72
144,Tm,69,75,1.9E-6
145,Tm,69,76,3.17E-6
146,Tm,69,77,0.2
147,Tm,69,78,0.58
148,Tm,69,79,0.7
149,Tm,69,80,0.9
150,Tm,69,81,2.2
151,Tm,69,82,6.6
152,Tm,69,83,8
153,Tm,69,84,2.5
154,Tm,69,85,8.1
155,Tm,69,86,45
156,Tm,69,87,83.8
157,Tm,69,88,217.8
158,Tm,69,89,238.8
159,Tm,69,90,547.8
160,Tm,69,91,564
161,Tm,69,92,1812
162,Tm,69,93,1302
163,Tm,69,94,6516
164,Tm,69,95,306
165,Tm,69,96,108216
166,Tm,69,97,27720
167,Tm,69,98,799200
168,Tm,69,99,8043839.1
169,Tm,69,100,infinity
170,Tm,69,101,1.111E7
171,Tm,69,102,6.0591E7
172,Tm,69,103,228960
173,Tm,69,104,29664
174,Tm,69,105,324
175,Tm,69,106,912
176,Tm,69,107,114
177,Tm,69,108,90
178,Tm,69,109,3E-7
149,Yb,70,79,0.7
150,Yb,70,80,2E-7
151,Yb,70,81,1.6
152,Yb,70,82,3.03
153,Yb,70,83,4.2
154,Yb,70,84,0.409
155,Yb,70,85,1.793
156,Yb,70,86,26.1
157,Yb,70,87,38.6
158,Yb,70,88,89.4
159,Yb,70,89,100.2
160,Yb,70,90,288
161,Yb,70,91,252
162,Yb,70,92,1132.2
163,Yb,70,93,663
164,Yb,70,94,4548
165,Yb,70,95,594
166,Yb,70,96,204120
167,Yb,70,97,1050
168,Yb,70,98,infinity
169,Yb,70,99,2766355.2
170,Yb,70,100,infinity
171,Yb,70,101,infinity
172,Yb,70,102,infinity
173,Yb,70,103,infinity
174,Yb,70,104,infinity
175,Yb,70,105,361583.1
176,Yb,70,106,infinity
177,Yb,70,107,6879.6
178,Yb,70,108,4440
179,Yb,70,109,480
180,Yb,70,110,144
150,Lu,71,79,0.045
151,Lu,71,80,0.0806
152,Lu,71,81,20
153,Lu,71,82,0.9
154,Lu,71,83,1.12
155,Lu,71,84,0.138
156,Lu,71,85,0.494
157,Lu,71,86,6.8
158,Lu,71,87,10.6
159,Lu,71,88,12.1
160,Lu,71,89,40
161,Lu,71,90,77
162,Lu,71,91,114
163,Lu,71,92,238.2
164,Lu,71,93,188.4
165,Lu,71,94,644.4
166,Lu,71,95,159
167,Lu,71,96,3090
168,Lu,71,97,402
169,Lu,71,98,122616
170,Lu,71,99,173836.8
171,Lu,71,100,711936
172,Lu,71,101,578880
173,Lu,71,102,4.323E7
174,Lu,71,103,1.0446E8
175,Lu,71,104,infinity
176,Lu,71,105,1.187E18
177,Lu,71,106,1.386E7
178,Lu,71,107,1704
179,Lu,71,108,16524
180,Lu,71,109,342
181,Lu,71,110,210
182,Lu,71,111,120
183,Lu,71,112,58
184,Lu,71,113,19
153,Hf,72,81,6E-8
154,Hf,72,82,2
155,Hf,72,83,0.84
156,Hf,72,84,0.023
157,Hf,72,85,0.11
158,Hf,72,86,2.85
159,Hf,72,87,5.6
160,Hf,72,88,13.6
161,Hf,72,89,18.2
162,Hf,72,90,39.4
163,Hf,72,91,40
164,Hf,72,92,111
165,Hf,72,93,76
166,Hf,72,94,406.2
167,Hf,72,95,122.1
168,Hf,72,96,1557
169,Hf,72,97,194.4
170,Hf,72,98,57636
171,Hf,72,99,43560
172,Hf,72,100,5.901E7
173,Hf,72,101,84960
174,Hf,72,102,6.312E22
175,Hf,72,103,6048000
176,Hf,72,104,infinity
177,Hf,72,105,infinity
178,Hf,72,106,infinity
179,Hf,72,107,infinity
180,Hf,72,108,infinity
181,Hf,72,109,3662496
182,Hf,72,110,2.809E14
183,Hf,72,111,3664.8
184,Hf,72,112,14832
185,Hf,72,113,210
186,Hf,72,114,156
187,Hf,72,115,2.7E-7
155,Ta,73,82,0.0029
156,Ta,73,83,0.144
157,Ta,73,84,0.0101
158,Ta,73,85,0.055
159,Ta,73,86,0.83
160,Ta,73,87,1.7
162,Ta,73,89,3.57
163,Ta,73,90,10.6
164,Ta,73,91,14.2
165,Ta,73,92,31
166,Ta,73,93,34.4
167,Ta,73,94,80
168,Ta,73,95,2.0M0.1
169,Ta,73,96,294
170,Ta,73,97,405.6
171,Ta,73,98,1398
172,Ta,73,99,2208
173,Ta,73,100,11304
174,Ta,73,101,4104
175,Ta,73,102,37800
176,Ta,73,103,29124
177,Ta,73,104,203616
178,Ta,73,105,8496
179,Ta,73,106,5.743E7
180,Ta,73,107,3.787E22
181,Ta,73,108,infinity
182,Ta,73,109,9913536
183,Ta,73,110,440639.1
184,Ta,73,111,31319.1
185,Ta,73,112,2964
186,Ta,73,113,10.5M0.3
187,Ta,73,114,300
188,Ta,73,115,19.6
189,Ta,73,116,1.6E-6
190,Ta,73,117,5.3
191,Ta,73,118,3E-7
192,Ta,73,119,2.2
157,W,74,83,0.275
158,W,74,84,0.00125
159,W,74,85,0.0073
160,W,74,86,0.091
161,W,74,87,0.409
162,W,74,88,1.36
163,W,74,89,2.67
164,W,74,90,6.3
165,W,74,91,5.1
166,W,74,92,19.2
167,W,74,93,19.9
168,W,74,94,50.9
169,W,74,95,74
170,W,74,96,145.2
171,W,74,97,142.8
172,W,74,98,396
173,W,74,99,456
174,W,74,100,1992
175,W,74,101,2112
176,W,74,102,9000
177,W,74,103,7920
178,W,74,104,1866240
179,W,74,105,2223
180,W,74,106,2.0828E25
181,W,74,107,1.0472E7
182,W,74,108,infinity
183,W,74,109,4.102E26
184,W,74,110,infinity
185,W,74,111,6488639.1
186,W,74,112,7.258E26
187,W,74,113,86400
188,W,74,114,6028992
189,W,74,115,642
190,W,74,116,1800
191,W,74,117,3E-7
193,W,74,119,3E-7
194,W,74,120,3E-7
160,Re,75,85,8.2E-4
161,Re,75,86,0.0147
162,Re,75,87,0.077
163,Re,75,88,0.39
164,Re,75,89,0.86
165,Re,75,90,2.1
166,Re,75,91,2.25
167,Re,75,92,5.9
168,Re,75,93,4.4
169,Re,75,94,15.1
170,Re,75,95,9.2
171,Re,75,96,15.2
172,Re,75,97,55
173,Re,75,98,118.8
174,Re,75,99,144
175,Re,75,100,353.4
176,Re,75,101,318
177,Re,75,102,840
178,Re,75,103,792
179,Re,75,104,1170
180,Re,75,105,146.4
181,Re,75,106,71640
182,Re,75,107,230400
183,Re,75,108,6048000
184,Re,75,109,1.46E7
185,Re,75,110,infinity
186,Re,75,111,6.312E12
187,Re,75,112,1.366E18
188,Re,75,113,61210.8
189,Re,75,114,87480
190,Re,75,115,11520
191,Re,75,116,9.8M0.5
192,Re,75,117,16
193,Re,75,118,30
194,Re,75,119,5
195,Re,75,120,6
196,Re,75,121,3
161,Os,76,85,6.4E-4
162,Os,76,86,0.0021
163,Os,76,87,0.0055
164,Os,76,88,0.021
165,Os,76,89,0.071
166,Os,76,90,0.199
167,Os,76,91,0.81
168,Os,76,92,2.1
169,Os,76,93,3.43
170,Os,76,94,7.37
171,Os,76,95,8.3
172,Os,76,96,19.2
173,Os,76,97,22.4
174,Os,76,98,44
175,Os,76,99,84
176,Os,76,100,216
177,Os,76,101,180
178,Os,76,102,300
179,Os,76,103,390
180,Os,76,104,1290
181,Os,76,105,6300
182,Os,76,106,78624
183,Os,76,107,46800
184,Os,76,108,1.767E21
185,Os,76,109,8087039.1
186,Os,76,110,6.312E22
187,Os,76,111,infinity
188,Os,76,112,infinity
189,Os,76,113,infinity
190,Os,76,114,infinity
191,Os,76,115,1330560
192,Os,76,116,infinity
193,Os,76,117,108396
194,Os,76,118,1.893E8
195,Os,76,119,540
196,Os,76,120,2094
197,Os,76,121,168
199,Os,76,123,5
200,Os,76,124,6
201,Os,76,125,3E-7
202,Os,76,126,3E-7
164,Ir,77,87,9.4E-5
165,Ir,77,88,3E-4
166,Ir,77,89,0.0151
167,Ir,77,90,0.0352
168,Ir,77,91,0.222
169,Ir,77,92,0.353
170,Ir,77,93,0.87
171,Ir,77,94,3.2
172,Ir,77,95,4.4
173,Ir,77,96,9.0
174,Ir,77,97,7.9
175,Ir,77,98,9
176,Ir,77,99,8.7
177,Ir,77,100,30
178,Ir,77,101,12
179,Ir,77,102,79
180,Ir,77,103,1.5M0.1
181,Ir,77,104,294
182,Ir,77,105,900
183,Ir,77,106,3420
184,Ir,77,107,11124
185,Ir,77,108,51840
186,Ir,77,109,59904
187,Ir,77,110,37800
188,Ir,77,111,149400
189,Ir,77,112,1140480
190,Ir,77,113,1017792
191,Ir,77,114,infinity
192,Ir,77,115,7.605E9
193,Ir,77,116,infinity
194,Ir,77,117,171D11
195,Ir,77,118,13680
196,Ir,77,119,1.40H0.02
197,Ir,77,120,534
198,Ir,77,121,8
199,Ir,77,122,6
200,Ir,77,123,3E-7
201,Ir,77,124,3E-7
202,Ir,77,125,11
203,Ir,77,126,3E-7
166,Pt,78,88,3E-4
167,Pt,78,89,9E-4
168,Pt,78,90,0.00202
169,Pt,78,91,0.007
170,Pt,78,92,0.0138
171,Pt,78,93,0.0455
172,Pt,78,94,0.0976
173,Pt,78,95,0.382
174,Pt,78,96,0.889
175,Pt,78,97,2.53
176,Pt,78,98,6.33
177,Pt,78,99,10.6
178,Pt,78,100,20.7
179,Pt,78,101,21.2
180,Pt,78,102,56
181,Pt,78,103,52
182,Pt,78,104,160.2
183,Pt,78,105,390
184,Pt,78,106,1038
185,Pt,78,107,4254
186,Pt,78,108,7488
187,Pt,78,109,8460
188,Pt,78,110,881279.1
189,Pt,78,111,39132
190,Pt,78,112,2.0512E19
191,Pt,78,113,244512
192,Pt,78,114,infinity
193,Pt,78,115,1.578E9
194,Pt,78,116,infinity
195,Pt,78,117,infinity
196,Pt,78,118,infinity
197,Pt,78,119,71609.4
198,Pt,78,120,infinity
199,Pt,78,121,1848
200,Pt,78,122,45360
201,Pt,78,123,150
202,Pt,78,124,158400
203,Pt,78,125,10
204,Pt,78,126,10.3
205,Pt,78,127,3E-7
170,Au,79,91,6.17E-4
171,Au,79,92,0.00102
172,Au,79,93,0.022
173,Au,79,94,0.025
174,Au,79,95,0.139
175,Au,79,96,0.156
176,Au,79,97,1.36
177,Au,79,98,1.53
178,Au,79,99,2.6
179,Au,79,100,7.1
180,Au,79,101,8.1
181,Au,79,102,13.7
182,Au,79,103,15.5
183,Au,79,104,42.8
184,Au,79,105,47.6
185,Au,79,106,408
186,Au,79,107,642
187,Au,79,108,498
188,Au,79,109,530.4
189,Au,79,110,1722
190,Au,79,111,2568
191,Au,79,112,11448
192,Au,79,113,17784
193,Au,79,114,63539.1
194,Au,79,115,136872
195,Au,79,116,1.608E7
196,Au,79,117,532820.16
197,Au,79,118,infinity
198,Au,79,119,232830.72
199,Au,79,120,271209.6
200,Au,79,121,67320
201,Au,79,122,1560
202,Au,79,123,28.4
203,Au,79,124,60
204,Au,79,125,39.8
205,Au,79,126,32.5
206,Au,79,127,3E-7
207,Au,79,128,3E-7
208,Au,79,129,3E-7
209,Au,79,130,3E-7
210,Au,79,131,3E-7
171,Hg,80,91,5.9E-5
172,Hg,80,92,2.31E-4
173,Hg,80,93,6E-4
174,Hg,80,94,0.0021
175,Hg,80,95,0.0106
176,Hg,80,96,0.0203
177,Hg,80,97,0.118
178,Hg,80,98,0.267
179,Hg,80,99,1.05
180,Hg,80,100,2.58
181,Hg,80,101,3.6
182,Hg,80,102,10.83
183,Hg,80,103,9.4
184,Hg,80,104,30.87
185,Hg,80,105,49.1
186,Hg,80,106,82.8
187,Hg,80,107,144
188,Hg,80,108,195
189,Hg,80,109,516
190,Hg,80,110,1200
191,Hg,80,111,3048
192,Hg,80,112,17460
193,Hg,80,113,42480
194,Hg,80,114,1.401E10
195,Hg,80,115,149760
196,Hg,80,116,infinity
197,Hg,80,117,230904
198,Hg,80,118,infinity
199,Hg,80,119,infinity
200,Hg,80,120,infinity
201,Hg,80,121,infinity
202,Hg,80,122,infinity
203,Hg,80,123,4025721.6
204,Hg,80,124,infinity
205,Hg,80,125,308.4
206,Hg,80,126,499.2
207,Hg,80,127,174
208,Hg,80,128,2460
209,Hg,80,129,35
210,Hg,80,130,3E-7
211,Hg,80,131,3E-7
212,Hg,80,132,3E-7
213,Hg,80,133,3E-7
214,Hg,80,134,3E-7
215,Hg,80,135,3E-7
216,Hg,80,136,3E-7
176,Tl,81,95,8
177,Tl,81,96,0.018
178,Tl,81,97,0.254
179,Tl,81,98,0.23
180,Tl,81,99,1.09
181,Tl,81,100,3.2
182,Tl,81,101,3.1
183,Tl,81,102,6.9
184,Tl,81,103,10.1
185,Tl,81,104,19.5
186,Tl,81,105,27.5
187,Tl,81,106,51
188,Tl,81,107,71
189,Tl,81,108,138
190,Tl,81,109,222
191,Tl,81,110,313.2
192,Tl,81,111,648
193,Tl,81,112,1296
194,Tl,81,113,1980
195,Tl,81,114,4176
196,Tl,81,115,6624
197,Tl,81,116,10224
198,Tl,81,117,19080
199,Tl,81,118,26712
200,Tl,81,119,93960
201,Tl,81,120,262837.44
202,Tl,81,121,1063584
203,Tl,81,122,infinity
204,Tl,81,123,1.194E8
205,Tl,81,124,infinity
206,Tl,81,125,252.12
207,Tl,81,126,286.2
208,Tl,81,127,183.18
209,Tl,81,128,129.66
210,Tl,81,129,78
211,Tl,81,130,3E-7
212,Tl,81,131,3E-7
214,Tl,81,133,3E-7
215,Tl,81,134,3E-7
216,Tl,81,135,3E-7
217,Tl,81,136,3E-7
178,Pb,82,96,1.2E-4
179,Pb,82,97,0.0035
180,Pb,82,98,0.0042
181,Pb,82,99,0.045
182,Pb,82,100,0.055
183,Pb,82,101,0.535
184,Pb,82,102,0.49
185,Pb,82,103,6.3
186,Pb,82,104,4.82
187,Pb,82,105,18.3
188,Pb,82,106,25.1
189,Pb,82,107,50
190,Pb,82,108,71
191,Pb,82,109,130.8
192,Pb,82,110,210
193,Pb,82,111,348
194,Pb,82,112,642
195,Pb,82,113,900
196,Pb,82,114,2220
197,Pb,82,115,2574
198,Pb,82,116,8640
199,Pb,82,117,5400
200,Pb,82,118,77400
201,Pb,82,119,33588
202,Pb,82,120,1.657E12
203,Pb,82,121,186912
204,Pb,82,122,4.418E24
205,Pb,82,123,5.459E14
206,Pb,82,124,infinity
207,Pb,82,125,infinity
208,Pb,82,126,infinity
209,Pb,82,127,11710.8
210,Pb,82,128,7.00579E8
211,Pb,82,129,2166
212,Pb,82,130,38304
213,Pb,82,131,612
214,Pb,82,132,1608
215,Pb,82,133,147
216,Pb,82,134,3E-7
217,Pb,82,135,3E-7
218,Pb,82,136,3E-7
219,Pb,82,137,3E-7
220,Pb,82,138,3E-7
184,Bi,83,101,0.013
185,Bi,83,102,5.8E-5
186,Bi,83,103,0.0098
187,Bi,83,104,0.037
188,Bi,83,105,0.265
189,Bi,83,106,0.674
190,Bi,83,107,6.3
191,Bi,83,108,12.4
192,Bi,83,109,39.6
193,Bi,83,110,63.6
194,Bi,83,111,125
195,Bi,83,112,183
196,Bi,83,113,308
197,Bi,83,114,559.8
198,Bi,83,115,696
199,Bi,83,116,1620
200,Bi,83,117,2184
201,Bi,83,118,6180
202,Bi,83,119,6156
203,Bi,83,120,42336
204,Bi,83,121,40392
205,Bi,83,122,1322784
206,Bi,83,123,539395.2
207,Bi,83,124,9.956E8
208,Bi,83,125,1.161E13
209,Bi,83,126,infinity
210,Bi,83,127,9.594E13
211,Bi,83,128,128.4
212,Bi,83,129,3633
213,Bi,83,130,2735.4
214,Bi,83,131,1194
215,Bi,83,132,456
216,Bi,83,133,396
217,Bi,83,134,98.5
218,Bi,83,135,33
219,Bi,83,136,3E-7
220,Bi,83,137,3E-7
221,Bi,83,138,3E-7
222,Bi,83,139,3E-7
223,Bi,83,140,3E-7
224,Bi,83,141,3E-7
187,Po,84,103,1.40E-3
188,Po,84,104,2.75E-4
189,Po,84,105,0.0035
190,Po,84,106,0.00246
191,Po,84,107,0.093
192,Po,84,108,0.0322
193,Po,84,109,0.37
194,Po,84,110,0.392
195,Po,84,111,4.64
196,Po,84,112,5.8
197,Po,84,113,84
198,Po,84,114,106.2
199,Po,84,115,328.2
200,Po,84,116,690.6
201,Po,84,117,936
202,Po,84,118,2676
203,Po,84,119,2202
204,Po,84,120,12668.4
205,Po,84,121,6264
206,Po,84,122,760320
207,Po,84,123,20880
208,Po,84,124,9.145E7
209,Po,84,125,3.219E9
210,Po,84,126,1.196E7
211,Po,84,127,25.2
212,Po,84,128,45.1
213,Po,84,129,3.72E-6
214,Po,84,130,1.643E-4
215,Po,84,131,0.00178
216,Po,84,132,0.145
217,Po,84,133,1.53
218,Po,84,134,185.88
219,Po,84,135,3E-7
220,Po,84,136,3E-7
221,Po,84,137,112
222,Po,84,138,550
223,Po,84,139,3E-7
224,Po,84,140,3E-7
225,Po,84,141,3E-7
226,Po,84,142,3E-7
227,Po,84,143,3E-7
191,At,85,106,0.0021
192,At,85,107,8.8E-2
193,At,85,108,0.028
194,At,85,109,0.31
195,At,85,110,0.328
196,At,85,111,0.388
197,At,85,112,2
198,At,85,113,3.8
199,At,85,114,7.03
200,At,85,115,47
201,At,85,116,85.2
202,At,85,117,182
203,At,85,118,444
204,At,85,119,547.2
205,At,85,120,1614
206,At,85,121,1836
207,At,85,122,6516
208,At,85,123,5868
209,At,85,124,19476
210,At,85,125,29160
211,At,85,126,25970.4
212,At,85,127,0.314
213,At,85,128,1.25E-7
214,At,85,129,5.58E-7
215,At,85,130,1E-4
216,At,85,131,3E-4
217,At,85,132,0.0323
218,At,85,133,1.5
219,At,85,134,56
220,At,85,135,222.6
221,At,85,136,138
222,At,85,137,54
223,At,85,138,50
225,At,85,140,3E-7
226,At,85,141,3E-7
227,At,85,142,3E-7
228,At,85,143,3E-7
229,At,85,144,3E-7
193,Rn,86,107,0.00115
194,Rn,86,108,7.8E-4
195,Rn,86,109,0.006
196,Rn,86,110,0.0044
197,Rn,86,111,0.053
198,Rn,86,112,0.065
199,Rn,86,113,0.59
200,Rn,86,114,1.03
201,Rn,86,115,7
202,Rn,86,116,9.7
203,Rn,86,117,44
204,Rn,86,118,74.5
205,Rn,86,119,170
206,Rn,86,120,340.2
207,Rn,86,121,555
208,Rn,86,122,1461
209,Rn,86,123,1710
210,Rn,86,124,8640
211,Rn,86,125,52560
212,Rn,86,126,1434
213,Rn,86,127,0.0195
214,Rn,86,128,2.7E-7
215,Rn,86,129,2.3E-6
216,Rn,86,130,4.5E-5
217,Rn,86,131,5.4E-4
218,Rn,86,132,0.035
219,Rn,86,133,3.96
220,Rn,86,134,55.6
221,Rn,86,135,1500
222,Rn,86,136,330350.4
223,Rn,86,137,1458
224,Rn,86,138,6420
225,Rn,86,139,279.6
226,Rn,86,140,444
227,Rn,86,141,20.8
228,Rn,86,142,65
229,Rn,86,143,12
230,Rn,86,144,3E-7
231,Rn,86,145,3E-7
199,Fr,87,112,0.012
200,Fr,87,113,0.049
201,Fr,87,114,0.062
202,Fr,87,115,0.3
203,Fr,87,116,0.55
204,Fr,87,117,1.8
205,Fr,87,118,3.97
206,Fr,87,119,16
207,Fr,87,120,14.8
208,Fr,87,121,59.1
209,Fr,87,122,50.5
210,Fr,87,123,190.8
211,Fr,87,124,186
212,Fr,87,125,1200
213,Fr,87,126,34.82
214,Fr,87,127,0.005
215,Fr,87,128,8.6E-8
216,Fr,87,129,7E-7
217,Fr,87,130,1.9E-5
218,Fr,87,131,0.022
219,Fr,87,132,0.02
220,Fr,87,133,27.4
221,Fr,87,134,286.1
222,Fr,87,135,852
223,Fr,87,136,1320
224,Fr,87,137,199.8
225,Fr,87,138,237
226,Fr,87,139,49
227,Fr,87,140,148.2
228,Fr,87,141,38
229,Fr,87,142,50.2
230,Fr,87,143,19.1
231,Fr,87,144,17.6
232,Fr,87,145,5.5
233,Fr,87,146,3E-7
201,Ra,88,113,0.0016
202,Ra,88,114,0.016
203,Ra,88,115,0.031
204,Ra,88,116,0.057
205,Ra,88,117,0.21
206,Ra,88,118,0.24
207,Ra,88,119,1.35
208,Ra,88,120,1.3
209,Ra,88,121,4.6
210,Ra,88,122,3.7
211,Ra,88,123,13
212,Ra,88,124,13
213,Ra,88,125,163.8
214,Ra,88,126,2.46
215,Ra,88,127,0.00155
216,Ra,88,128,1.82E-7
217,Ra,88,129,1.6E-6
218,Ra,88,130,2.52E-5
219,Ra,88,131,0.01
220,Ra,88,132,0.018
221,Ra,88,133,28
222,Ra,88,134,38
223,Ra,88,135,987552
224,Ra,88,136,313796.16
225,Ra,88,137,1287360
226,Ra,88,138,5.0492E10
227,Ra,88,139,2532
228,Ra,88,140,1.815E8
229,Ra,88,141,240
230,Ra,88,142,5580
231,Ra,88,143,104.1
232,Ra,88,144,252
233,Ra,88,145,30
234,Ra,88,146,30
206,Ac,89,117,0.033
207,Ac,89,118,0.027
208,Ac,89,119,0.095
209,Ac,89,120,0.1
210,Ac,89,121,0.35
211,Ac,89,122,0.21
212,Ac,89,123,0.93
213,Ac,89,124,0.738
214,Ac,89,125,8.2
215,Ac,89,126,0.17
216,Ac,89,127,4.41E-4
217,Ac,89,128,6.9E-8
218,Ac,89,129,1.08E-6
219,Ac,89,130,1.18E-5
220,Ac,89,131,0.0264
221,Ac,89,132,0.052
222,Ac,89,133,63
223,Ac,89,134,126
224,Ac,89,135,10008
225,Ac,89,136,864000
226,Ac,89,137,105732
227,Ac,89,138,6.871E8
228,Ac,89,139,22140
229,Ac,89,140,3762
230,Ac,89,141,122
231,Ac,89,142,450
232,Ac,89,143,119
233,Ac,89,144,145
234,Ac,89,145,44
235,Ac,89,146,60
236,Ac,89,147,120
208,Th,90,118,0.0017
209,Th,90,119,0.0025
210,Th,90,120,0.016
211,Th,90,121,0.04
212,Th,90,122,0.0317
213,Th,90,123,0.144
214,Th,90,124,0.087
215,Th,90,125,1.2
216,Th,90,126,0.026
217,Th,90,127,2.41E-4
218,Th,90,128,1.17E-7
219,Th,90,129,1.05E-6
220,Th,90,130,9.7E-6
221,Th,90,131,0.00168
222,Th,90,132,0.0028
223,Th,90,133,0.6
224,Th,90,134,0.81
225,Th,90,135,525
226,Th,90,136,1834.2
227,Th,90,137,1613952
228,Th,90,138,6.0326E7
229,Th,90,139,2.503E11
230,Th,90,140,2.379E12
231,Th,90,141,91872
232,Th,90,142,4.418E17
233,Th,90,143,1309.8
234,Th,90,144,2082240
235,Th,90,145,432
236,Th,90,146,2238
237,Th,90,147,282
238,Th,90,148,564
212,Pa,91,121,0.0051
213,Pa,91,122,0.0053
214,Pa,91,123,0.017
215,Pa,91,124,0.014
216,Pa,91,125,0.15
217,Pa,91,126,0.0036
218,Pa,91,127,1.13E-4
219,Pa,91,128,5.3E-8
220,Pa,91,129,7.8E-7
221,Pa,91,130,5.9E-6
222,Pa,91,131,0.0029
223,Pa,91,132,0.0051
224,Pa,91,133,0.85
225,Pa,91,134,1.7
226,Pa,91,135,108
227,Pa,91,136,2298
228,Pa,91,137,80640
229,Pa,91,138,129600
230,Pa,91,139,1503359.1
231,Pa,91,140,1.0338E12
232,Pa,91,141,114048
233,Pa,91,142,2330640
234,Pa,91,143,24120
235,Pa,91,144,1466.4
236,Pa,91,145,546
237,Pa,91,146,522
238,Pa,91,147,136.2
239,Pa,91,148,6480
217,U,92,125,0.016
218,U,92,126,5.6E-4
219,U,92,127,4.2E-5
220,U,92,128,6E-5
221,U,92,129,7E-7
222,U,92,130,1E-6
223,U,92,131,1.8E-5
224,U,92,132,9E-4
225,U,92,133,0.095
226,U,92,134,0.35
227,U,92,135,66
228,U,92,136,546
229,U,92,137,3480
230,U,92,138,1797120
231,U,92,139,362880
232,U,92,140,2.174E9
233,U,92,141,5.024E12
234,U,92,142,7.747E12
235,U,92,143,2.222E16
236,U,92,144,7.391E14
237,U,92,145,583200
238,U,92,146,1.41E17
239,U,92,147,1407
240,U,92,148,50760
241,U,92,149,300
242,U,92,150,1008
226,Np,93,133,0.035
227,Np,93,134,0.51
228,Np,93,135,61.4
229,Np,93,136,240
230,Np,93,137,276
231,Np,93,138,2928
232,Np,93,139,882
233,Np,93,140,2172
234,Np,93,141,380160
235,Np,93,142,3.422E7
236,Np,93,143,4.828E12
237,Np,93,144,6.766E13
238,Np,93,145,182908.8
239,Np,93,146,203558.4
240,Np,93,147,3714
241,Np,93,148,834
242,Np,93,149,330
243,Np,93,150,111
244,Np,93,151,137.4
228,Pu,94,134,1.1
229,Pu,94,135,67
230,Pu,94,136,102
231,Pu,94,137,516
232,Pu,94,138,2027.1
233,Pu,94,139,1254
234,Pu,94,140,31680
235,Pu,94,141,1518
236,Pu,94,142,9.0192E7
237,Pu,94,143,3943296
238,Pu,94,144,2.768E9
239,Pu,94,145,7.609E11
240,Pu,94,146,2.0705E11
241,Pu,94,147,4.521E8
242,Pu,94,148,1.183E13
243,Pu,94,149,17841.6
244,Pu,94,150,2.525E15
245,Pu,94,151,37800
246,Pu,94,152,936576
247,Pu,94,153,196128
230,Am,95,135,17
231,Am,95,136,30
232,Am,95,137,79
233,Am,95,138,192
234,Am,95,139,139.2
235,Am,95,140,618
236,Am,95,141,216
237,Am,95,142,4416
238,Am,95,143,5880
239,Am,95,144,42840
240,Am,95,145,182880
241,Am,95,146,1.365E10
242,Am,95,147,4.45E9
243,Am,95,148,2.326E11
244,Am,95,149,36360
245,Am,95,150,7379.1
246,Am,95,151,2340
247,Am,95,152,1380
248,Am,95,153,600
233,Cm,96,137,23
234,Cm,96,138,51
235,Cm,96,139,300
236,Cm,96,140,600
237,Cm,96,141,1200
238,Cm,96,142,8640
239,Cm,96,143,10440
240,Cm,96,144,2332800
241,Cm,96,145,2833919.1
242,Cm,96,146,1.407E7
243,Cm,96,147,9.183E8
244,Cm,96,148,5.712E8
245,Cm,96,149,2.658E11
246,Cm,96,150,1.485E11
247,Cm,96,151,4.923E14
248,Cm,96,152,1.0982E13
249,Cm,96,153,3849
250,Cm,96,154,2.619E11
251,Cm,96,155,1008
252,Cm,96,156,172800
234,Bk,97,137,140
235,Bk,97,138,20
236,Bk,97,139,600
237,Bk,97,140,60
238,Bk,97,141,144
240,Bk,97,143,288
241,Bk,97,144,276
242,Bk,97,145,420
243,Bk,97,146,16200
244,Bk,97,147,15659.1
245,Bk,97,148,427680
246,Bk,97,149,155520
247,Bk,97,150,4.355E10
248,Bk,97,151,2.84E8
249,Bk,97,152,2.851E7
250,Bk,97,153,11563.2
251,Bk,97,154,3336
252,Bk,97,155,108
253,Bk,97,156,600
254,Bk,97,157,60
237,Cf,98,139,0.8
238,Cf,98,140,0.021
239,Cf,98,141,39
240,Cf,98,142,64
241,Cf,98,143,226.8
242,Cf,98,144,222
243,Cf,98,145,642
244,Cf,98,146,1164
245,Cf,98,147,2700
246,Cf,98,148,128520
247,Cf,98,149,11196
248,Cf,98,150,2.881E7
249,Cf,98,151,1.108E10
250,Cf,98,152,4.128E8
251,Cf,98,153,2.834E10
252,Cf,98,154,8.347E7
253,Cf,98,155,1538784
254,Cf,98,156,5227200
255,Cf,98,157,5100
256,Cf,98,158,738
241,Es,99,142,8
242,Es,99,143,17.8
243,Es,99,144,23
244,Es,99,145,37
245,Es,99,146,66
246,Es,99,147,450
247,Es,99,148,5.4E7
248,Es,99,149,27M5
249,Es,99,150,6132
250,Es,99,151,30960
251,Es,99,152,118800
252,Es,99,153,4.0755E7
253,Es,99,154,1768608
254,Es,99,155,2.382E7
255,Es,99,156,3438719.1
256,Es,99,157,27360
257,Es,99,158,665280
241,Fm,100,141,7.3E-4
242,Fm,100,142,4E-6
243,Fm,100,143,0.231
244,Fm,100,144,0.00312
245,Fm,100,145,4.2
246,Fm,100,146,1.54
247,Fm,100,147,31
248,Fm,100,148,36
249,Fm,100,149,156
250,Fm,100,150,1800
251,Fm,100,151,19080
252,Fm,100,152,91404
253,Fm,100,153,259200
254,Fm,100,154,11664
255,Fm,100,155,72252
256,Fm,100,156,9456
257,Fm,100,157,8683200
258,Fm,100,158,3.7E-4
259,Fm,100,159,1.5
260,Fm,100,160,0.004
245,Md,101,144,0.35
246,Md,101,145,0.9
247,Md,101,146,1.2
248,Md,101,147,13
249,Md,101,148,21.7
250,Md,101,149,25
251,Md,101,150,258
252,Md,101,151,138
253,Md,101,152,360
254,Md,101,153,1680
255,Md,101,154,1620
256,Md,101,155,4620
257,Md,101,156,19872
258,Md,101,157,4449600
259,Md,101,158,5760
260,Md,101,159,2747520
261,Md,101,160,2400
262,Md,101,161,180
248,No,102,146,2E-6
250,No,102,148,4.2E-6
251,No,102,149,1.02
252,No,102,150,2.47
253,No,102,151,97.2
254,No,102,152,51
255,No,102,153,211.2
256,No,102,154,2.91
257,No,102,155,25
258,No,102,156,0.0012
259,No,102,157,3480
260,No,102,158,0.106
262,No,102,160,0.005
252,Lr,103,149,0.27
253,Lr,103,150,1.49
254,Lr,103,151,18.4
255,Lr,103,152,31.1
256,Lr,103,153,27
257,Lr,103,154,4
258,Lr,103,155,4.1
259,Lr,103,156,6.2
260,Lr,103,157,180
261,Lr,103,158,2340
262,Lr,103,159,14400
253,Rf,104,149,4.8E-5
254,Rf,104,150,2.3E-5
255,Rf,104,151,2.3
256,Rf,104,152,0.0064
257,Rf,104,153,4.7
258,Rf,104,154,0.0147
259,Rf,104,155,3.2
260,Rf,104,156,0.021
261,Rf,104,157,1.9
262,Rf,104,158,2.3
263,Rf,104,159,600
255,Db,105,150,1.6
256,Db,105,151,1.9
257,Db,105,152,1.82
258,Db,105,153,20
259,Db,105,154,0.51
260,Db,105,155,1.52
261,Db,105,156,1.8
262,Db,105,157,35
263,Db,105,158,27
266,Db,105,161,1200
267,Db,105,162,4380
268,Db,105,163,115200
270,Db,105,165,82800
258,Sg,106,152,0.0029
259,Sg,106,153,0.32
260,Sg,106,154,0.00495
261,Sg,106,155,0.23
262,Sg,106,156,0.0069
263,Sg,106,157,1
264,Sg,106,158,0.037
265,Sg,106,159,16.2
266,Sg,106,160,21
267,Sg,106,161,1.9E-2
269,Sg,106,163,35
271,Sg,106,165,144
260,Bh,107,153,0.035
261,Bh,107,154,0.0118
262,Bh,107,155,0.022
264,Bh,107,157,0.44
265,Bh,107,158,0.9
266,Bh,107,159,1.7
267,Bh,107,160,17
270,Bh,107,163,60
272,Bh,107,165,10
274,Bh,107,167,54
263,Hs,108,155,7.4E-4
264,Hs,108,156,8E-4
265,Hs,108,157,0.0019
266,Hs,108,158,0.0023
267,Hs,108,159,0.8
268,Hs,108,160,0.4
269,Hs,108,161,9.7
270,Hs,108,162,22
275,Hs,108,167,0.15
266,Mt,109,157,0.0017
268,Mt,109,159,0.021
270,Mt,109,161,0.005
274,Mt,109,165,0.44
276,Mt,109,167,0.72
278,Mt,109,169,8
270,Ds,110,160,0.006
271,Ds,110,161,0.069
273,Ds,110,163,1.7E-4
279,Ds,110,169,0.18
281,Ds,110,171,20
272,Rg,111,161,0.0038
278,Rg,111,167,0.0042
279,Rg,111,168,0.17
280,Rg,111,169,3.6
281,Rg,111,170,26
282,Rg,111,171,0.5
282,Cn,112,170,5E-4
283,Cn,112,171,4
284,Cn,112,172,0.101
285,Cn,112,173,30
282,Uut,113,169,0.07
284,Uut,113,171,0.48
285,Uut,113,172,5.5
286,Uut,113,173,20
286,Fl,114,172,0.16
287,Fl,114,173,0.51
288,Fl,114,174,0.52
289,Fl,114,175,2.7
289,Uup,115,174,0.22
290,Uup,115,175,0.016
290,Lv,116,174,0.015
292,Lv,116,176,0.018
293,Lv,116,177,0.053
293,Uus,117,176,0.014
294,Uus,117,177,0.08
